[

  {
    "slug": "weekly-financial-review-habit",
    "title": "عادة المراجعة المالية الأسبوعية: 20 دقيقة تمنع مفاجآت نهاية الشهر",
    "url": "/weekly-financial-review-habit/",
    "date": "2026-02-15",
    "categories": ["العادات المالية"],
    "tags": ["العادات المالية","مراجعة أسبوعية","إدارة الميزانية"],
    "description": "تعلم كيف تبني عادة مراجعة مالية أسبوعية في 20 دقيقة فقط، لتحويل الأرقام إلى قرارات تقلل المفاجآت وتحسن الاستقرار المالي."
  },

  {
    "slug": "spending-triggers-journal-habit",
    "title": "دفتر محفزات الإنفاق: عادة ذكية لكشف أسباب الصرف قبل تكرارها",
    "url": "/spending-triggers-journal-habit/",
    "date": "2026-02-15",
    "categories": ["العادات المالية"],
    "tags": ["العادات المالية","سلوك الإنفاق","ضبط المصاريف"],
    "description": "تعلم كيف تبني دفترًا بسيطًا لمحفزات الإنفاق لاكتشاف أسباب الشراء العاطفي وتقليل الهدر المتكرر بشكل عملي."
  },

  {
    "slug": "replace-bad-financial-habits-30-days",
    "title": "كيف تغيّر عاداتك المالية السيئة بخطة استبدال سلوكي لمدة 30 يومًا؟",
    "url": "/replace-bad-financial-habits-30-days/",
    "date": "2026-02-15",
    "categories": ["العادات المالية"],
    "tags": ["العادات المالية","سلوك مالي","تقليل الهدر"],
    "description": "خطة عملية لمدة 30 يومًا لتغيير العادات المالية السيئة عبر الاستبدال السلوكي بدل المنع القاسي، مع خطوات قابلة للتطبيق يوميًا."
  },

  {
    "slug": "no-spend-day-financial-habit",
    "title": "يوم بلا إنفاق: عادة أسبوعية بسيطة لتقليل الهدر بدون حرمان",
    "url": "/no-spend-day-financial-habit/",
    "date": "2026-02-15",
    "categories": ["العادات المالية"],
    "tags": ["العادات المالية","تقليل المصاريف","انضباط الإنفاق"],
    "description": "تعرف على طريقة تطبيق يوم بلا إنفاق مرة أسبوعيًا لتقليل المصاريف المتسربة وتحسين التحكم المالي دون قرارات متطرفة."
  },

  {
    "slug": "habit-stacking-for-financial-discipline",
    "title": "الربط السلوكي للعادات المالية: كيف تلتزم بدون دافع مؤقت؟",
    "url": "/habit-stacking-for-financial-discipline/",
    "date": "2026-02-15",
    "categories": ["العادات المالية"],
    "tags": ["العادات المالية","habit stacking","انضباط مالي"],
    "description": "تعرف على أسلوب الربط السلوكي لبناء عادات مالية ثابتة عبر ربط كل عادة بمهمة يومية موجودة أصلًا."
  },

  {
    "slug": "family-money-meeting-15-min-habit",
    "title": "اجتماع مالي أسري 15 دقيقة أسبوعيًا: عادة تمنع الفوضى والخلافات",
    "url": "/family-money-meeting-15-min-habit/",
    "date": "2026-02-15",
    "categories": ["العادات المالية"],
    "tags": ["العادات المالية","ميزانية الأسرة","تنظيم المصاريف"],
    "description": "دليل عملي لعقد اجتماع مالي أسري قصير أسبوعيًا لتوحيد القرارات وتقليل الخلافات وتحسين الالتزام بالميزانية."
  },

  {
    "slug": "envelope-method-weekly-spending-habit",
    "title": "طريقة الأظرف الأسبوعية: عادة بسيطة لضبط المصاريف المتغيرة",
    "url": "/envelope-method-weekly-spending-habit/",
    "date": "2026-02-15",
    "categories": ["العادات المالية"],
    "tags": ["العادات المالية","طريقة الأظرف","مصاريف متغيرة"],
    "description": "شرح عملي لطريقة الأظرف الأسبوعية لإدارة بنود الطعام والمشتريات والنقل، وتقليل التجاوزات قبل نهاية الشهر."
  },

  {
    "slug": "daily-expense-tracking-habit-14-days",
    "title": "كيف تبني عادة تسجيل المصاريف يوميًا في أقل من 3 دقائق؟",
    "url": "/daily-expense-tracking-habit-14-days/",
    "date": "2026-02-15",
    "categories": ["العادات المالية"],
    "tags": ["العادات المالية","تتبع المصاريف","انضباط مالي"],
    "description": "دليل عملي لبناء عادة تسجيل المصاريف خلال 14 يومًا بخطوات قصيرة قابلة للتنفيذ، حتى لو كنت تتوقف كل مرة بعد أيام قليلة."
  },

  {
    "slug": "automate-savings-first-transfer-habit",
    "title": "التحويل التلقائي أول الراتب: عادة ادخار تمنع التسرب قبل أن يبدأ",
    "url": "/automate-savings-first-transfer-habit/",
    "date": "2026-02-15",
    "categories": ["العادات المالية"],
    "tags": ["العادات المالية","ادخار تلقائي","إدارة الراتب"],
    "description": "طريقة عملية لتثبيت عادة التحويل التلقائي للادخار أول يوم راتب، حتى لا يضيع الادخار بين مصاريف الشهر."
  },

  {
    "slug": "24-hour-rule-stop-impulse-spending",
    "title": "قاعدة 24 ساعة قبل الشراء: كيف توقف الإنفاق الاندفاعي دون حرمان",
    "url": "/24-hour-rule-stop-impulse-spending/",
    "date": "2026-02-15",
    "categories": ["العادات المالية"],
    "tags": ["العادات المالية","الإنفاق الاندفاعي","ضبط المصاريف"],
    "description": "شرح عملي لقاعدة 24 ساعة قبل الشراء لتقليل المشتريات العاطفية ورفع جودة القرار المالي بدون ضغط أو حرمان."
  },

  {
    "slug": "why-salary-ends-before-month-end-intent",
    "title": "لماذا ينتهي الراتب قبل نهاية الشهر؟",
    "url": "/why-salary-ends-before-month-end/",
    "date": "2026-02-13",
    "categories": ["المصاريف"],
    "tags": ["تنظيم المصاريف","تتبع المصاريف","إدارة الأموال"],
    "description": "لماذا ينتهي الراتب قبل نهاية الشهر: ابدأ من الواقع، لا من التخمين. تعلّم تنظيم الراتب بخطوات عملية وأمثلة واضحة، ثم طبّقها أسبوعيًا لتحسين النتيجة وتقليل الهد…"
  },

  {
    "slug": "why-budget-fails-even-with-discipline",
    "title": "لماذا تفشل الميزانية رغم الالتزام؟ 5 أسباب وحلول عملية",
    "url": "/why-budget-fails-even-with-discipline/",
    "date": "2026-02-13",
    "categories": ["الميزانية"],
    "tags": ["المصاريف","الميزانية","إدارة الأموال"],
    "description": "لماذا تفشل الميزانية رغم الالتزام 5 أسباب وحلول عملية: هذا المحتوى يختصر عليك التجربة والخطأ. تعلّم بناء الميزانية بخطوات عملية وأمثلة واضحة، ثم طبّقها أسبوعي…"
  },

  {
    "slug": "where-salary-goes-practical-analysis",
    "title": "أين يذهب راتبي؟ تحليل عملي يكشف التسرب خلال أسبوعين",
    "url": "/where-does-my-salary-go-practical-analysis/",
    "date": "2026-02-13",
    "categories": ["المصاريف"],
    "tags": ["المصاريف","الميزانية","إدارة الأموال"],
    "description": "أين يذهب راتبي تحليل عملي يكشف التسرب خلال أسبوعين: المشكلة ليست في الفكرة بل في التطبيق. تعلّم مراجعة الميزانية بخطوات عملية وأمثلة واضحة، ثم طبّقها أسبوعيًا…"
  },

  {
    "slug": "weekly-budget-review-prevents-financial-collapse",
    "title": "امنع انهيار الميزانية بمراجعة أسبوعية في 10 دقائق",
    "url": "/weekly-budget-review-prevents-financial-collapse/",
    "date": "2026-02-13",
    "categories": ["الميزانية"],
    "tags": ["ميزانية شهرية","تتبع المصاريف","budget planning"],
    "description": "امنع انهيار الميزانية بمراجعة أسبوعية في 10 دقائق: بدل النصائح العامة، هذه خطوات تنفيذية. تعلّم مراجعة الميزانية بخطوات عملية وأمثلة واضحة، ثم طبّقها أسبوعيًا…"
  },

  {
    "slug": "track-expenses-daily-without-complexity-action",
    "title": "كيف تتابع مصاريفك يوميًا بدون تعقيد؟",
    "url": "/track-expenses-daily-without-complexity-action/",
    "date": "2026-02-13",
    "categories": ["المصاريف"],
    "tags": ["المصاريف","الميزانية","إدارة الأموال"],
    "description": "كيف تتابع مصاريفك يوميًا بدون تعقيد: إذا كانت النتائج متذبذبة، فهذا الدليل لك. تعلّم إدارة الأموال بخطوات عملية وأمثلة واضحة، ثم طبّقها أسبوعيًا لتحسين النتيج…"
  },

  {
    "slug": "start-budget-from-zero-without-complexity-intent",
    "title": "كيف تبدأ ميزانية من الصفر بدون تعقيد خلال 15 دقيقة؟",
    "url": "/start-budget-from-zero-without-complexity/",
    "date": "2026-02-13",
    "categories": ["الميزانية"],
    "tags": ["الميزانية الشهرية","budget","إدارة الأموال"],
    "description": "كيف تبدأ ميزانية من الصفر بدون تعقيد خلال 15 دقيقة: تبحث عن حل واضح؟ تعلّم بناء الميزانية بخطوات عملية وأمثلة واضحة، ثم طبّقها أسبوعيًا لتحسين النتيجة وتقليل"
  },

  {
    "slug": "split-salary-first-24-hours",
    "title": "قسّم الراتب بذكاء واضبط المصاريف خلال 24 ساعة",
    "url": "/split-salary-first-24-hours/",
    "date": "2026-02-13",
    "categories": ["الميزانية"],
    "tags": ["ميزانية شهرية","budget planning","تنظيم المصاريف"],
    "description": "قسّم الراتب بذكاء واضبط المصاريف خلال 24 ساعة: لو أردت نتيجة قابلة للقياس، ابدأ من هنا. تعلّم تنظيم الراتب بخطوات عملية وأمثلة واضحة، ثم طبّقها أسبوعيًا لتحسي…"
  },

  {
    "slug": "salary-split-50-30-20-detailed",
    "title": "طريقة تقسيم الراتب بطريقة 50/30/20 بالتفصيل",
    "url": "/salary-split-50-30-20-detailed/",
    "date": "2026-02-13",
    "categories": ["الميزانية"],
    "tags": ["المصاريف","الميزانية","إدارة الأموال"],
    "description": "طريقة تقسيم الراتب بطريقة 50/30/20 بالتفصيل: ابدأ من الواقع، لا من التخمين. تعلّم تنظيم الراتب بخطوات عملية وأمثلة واضحة، ثم طبّقها أسبوعيًا لتحسين النتيجة وت…"
  },

  {
    "slug": "salary-not-enough-end-of-month",
    "title": "راتبي لا يكفيني لنهاية الشهر: ماذا أفعل؟",
    "url": "/salary-not-enough-end-of-month/",
    "date": "2026-02-13",
    "categories": ["المصاريف"],
    "tags": ["المصاريف","الميزانية","إدارة الأموال"],
    "description": "راتبي لا يكفيني لنهاية الشهر: ماذا أفعل: هذا المحتوى يختصر عليك التجربة والخطأ. تعلّم تنظيم الراتب بخطوات عملية وأمثلة واضحة، ثم طبّقها أسبوعيًا لتحسين النتيج…"
  },

  {
    "slug": "review-expenses-weekly",
    "title": "كيف أراجع مصاريفي أسبوعيًا؟",
    "url": "/review-expenses-weekly/",
    "date": "2026-02-13",
    "categories": ["المصاريف"],
    "tags": ["تنظيم المصاريف","إدارة الأموال الشخصية","مراجعة الميزانية"],
    "description": "كيف أراجع مصاريفي أسبوعيًا: المشكلة ليست في الفكرة بل في التطبيق. تعلّم مراجعة الميزانية بخطوات عملية وأمثلة واضحة، ثم طبّقها أسبوعيًا لتحسين النتيجة وتقليل ا…"
  },

  {
    "slug": "reduce-monthly-expenses-without-deprivation",
    "title": "خطة شهرية لتقليل المصاريف بدون إحساس بالتقشف",
    "url": "/تقليل-المصاريف-الشهرية/",
    "date": "2026-02-13",
    "categories": ["تنظيم المصاريف"],
    "tags": ["تقليل المصاريف","ضبط المصاريف","إدارة المصاريف","سلوك الإنفاق"],
    "description": "خطة شهرية لتقليل المصاريف بدون إحساس بالتقشف: بدل النصائح العامة، هذه خطوات تنفيذية. تعلّم الادخار وتقليل الهدر بخطوات عملية وأمثلة واضحة، ثم طبّقها أسبوعيًا"
  },

  {
    "slug": "reduce-expenses-without-deprivation",
    "title": "خفّض المصاريف بذكاء دون حرمان: خطة 21 يوم",
    "url": "/reduce-expenses-without-deprivation/",
    "date": "2026-02-13",
    "categories": ["تنظيم المصاريف"],
    "tags": ["تنظيم المصاريف","تتبع المصاريف","expense tracking"],
    "description": "خفّض المصاريف بذكاء دون حرمان: خطة 21 يوم: إذا كانت النتائج متذبذبة، فهذا الدليل لك. تعلّم الادخار وتقليل الهدر بخطوات عملية وأمثلة واضحة، ثم طبّقها أسبوعيًا"
  },

  {
    "slug": "reduce-expenses-without-deprivation-intent",
    "title": "كيف تقلل المصاريف بدون حرمان خلال 30 يومًا؟",
    "url": "/reduce-expenses-without-deprivation-intent/",
    "date": "2026-02-13",
    "categories": ["المصاريف"],
    "tags": ["تنظيم المصاريف","ضبط النفقات","إدارة الأموال الشخصية"],
    "description": "كيف تقلل المصاريف بدون حرمان خلال 30 يومًا: تبحث عن حل واضح؟ تعلّم الادخار وتقليل الهدر بخطوات عملية وأمثلة واضحة، ثم طبّقها أسبوعيًا لتحسين النتيجة وتقليل ال…"
  },

  {
    "slug": "organize-expenses-with-variable-income",
    "title": "نظّم المصاريف مع دخل متغير وقلّل العجز خلال 30 يومًا",
    "url": "/organize-expenses-variable-income/",
    "date": "2026-02-13",
    "categories": ["تنظيم المصاريف"],
    "tags": ["تنظيم المصاريف","ميزانية شهرية","تتبع المصاريف"],
    "description": "نظّم المصاريف مع دخل متغير وقلّل العجز خلال 30 يومًا: لو أردت نتيجة قابلة للقياس، ابدأ من هنا. تعلّم إدارة الأموال بخطوات عملية وأمثلة واضحة، ثم طبّقها أسبوعي…"
  },

  {
    "slug": "manual-vs-app-expense-tracking-comparison",
    "title": "تسجيل المصاريف يدويًا أم عبر تطبيق؟ مقارنة تحسم القرار خلال 10 دقائق",
    "url": "/manual-vs-app-expense-tracking-comparison/",
    "date": "2026-02-13",
    "categories": ["المصاريف"],
    "tags": ["المصاريف","الميزانية","إدارة الأموال"],
    "description": "تسجيل المصاريف يدويًا أم عبر تطبيق مقارنة تحسم القرار خلال 10 دقائق: ابدأ من الواقع، لا من التخمين. تعلّم إدارة الأموال بخطوات عملية وأمثلة واضحة، ثم طبّقها أ…"
  },

  {
    "slug": "fixed-vs-variable-expenses-intent",
    "title": "الفرق بين المصاريف الثابتة والمتغيرة (طريقة تصنيف عملية)",
    "url": "/fixed-vs-variable-expenses/",
    "date": "2026-02-13",
    "categories": ["المصاريف"],
    "tags": ["المصاريف الثابتة","المصاريف المتغيرة","تتبع المصاريف"],
    "description": "الفرق بين المصاريف الثابتة والمتغيرة: هذا المحتوى يختصر عليك التجربة والخطأ. تعلّم إدارة الأموال بخطوات عملية وأمثلة واضحة، ثم طبّقها أسبوعيًا لتحسين النتيجة"
  },

  {
    "slug": "fast-debt-repayment-method-intent",
    "title": "طريقة سداد الديون بسرعة",
    "url": "/fast-debt-repayment-method-intent/",
    "date": "2026-02-13",
    "categories": ["الديون"],
    "tags": ["إدارة الأموال الشخصية","سداد الديون","بناء ميزانية شهرية"],
    "description": "طريقة سداد الديون بسرعة: المشكلة ليست في الفكرة بل في التطبيق. تعلّم سداد الديون بخطوات عملية وأمثلة واضحة، ثم طبّقها أسبوعيًا لتحسين النتيجة وتقليل الهدر."
  },

  {
    "slug": "family-expense-organization-step-by-step",
    "title": "نظّم مصاريف الأسرة خطوة بخطوة خلال 30 يومًا",
    "url": "/تنظيم-مصاريف-الاسرة/",
    "date": "2026-02-13",
    "categories": ["الميزانية"],
    "tags": ["تنظيم مصاريف الأسرة","إدارة المصاريف","ميزانية شهرية","تنظيم المصاريف"],
    "description": "نظّم مصاريف الأسرة خطوة بخطوة خلال 30 يومًا: بدل النصائح العامة، هذه خطوات تنفيذية. تعلّم إدارة الأموال بخطوات عملية وأمثلة واضحة، ثم طبّقها أسبوعيًا لتحسين ا…"
  },

  {
    "slug": "expense-tracking-vs-money-management",
    "title": "افهم تتبع المصاريف وإدارة الأموال خلال 10 دقائق",
    "url": "/expense-tracking-vs-money-management/",
    "date": "2026-02-13",
    "categories": ["تنظيم المصاريف"],
    "tags": ["تتبع المصاريف","إدارة الأموال","expense tracking"],
    "description": "افهم تتبع المصاريف وإدارة الأموال خلال 10 دقائق: إذا كانت النتائج متذبذبة، فهذا الدليل لك. تعلّم تتبع المصاريف بخطوات عملية وأمثلة واضحة، ثم طبّقها أسبوعيًا ل…"
  },

  {
    "slug": "expense-management-vs-wealth-management",
    "title": "الفرق بين إدارة المصاريف وإدارة الثروة: متى تنتقل للمرحلة التالية؟",
    "url": "/difference-between-expense-management-and-wealth-management/",
    "date": "2026-02-13",
    "categories": ["الميزانية"],
    "tags": ["المصاريف","الميزانية","إدارة الأموال"],
    "description": "الفرق بين إدارة المصاريف وإدارة الثروة: متى تنتقل للمرحلة التالية: تبحث عن حل واضح؟ تعلّم إدارة الأموال بخطوات عملية وأمثلة واضحة، ثم طبّقها أسبوعيًا لتحسين ا…"
  },

  {
    "slug": "expense-app-vs-excel-intent",
    "title": "هل تطبيق المصاريف أفضل من Excel؟ مقارنة عملية في 7 نقاط",
    "url": "/expense-app-vs-excel/",
    "date": "2026-02-13",
    "categories": ["أدوات"],
    "tags": ["تطبيق مصاريف","excel budget","مقارنة"],
    "description": "هل تطبيق المصاريف أفضل من Excel مقارنة عملية في 7 نقاط: لو أردت نتيجة قابلة للقياس، ابدأ من هنا. تعلّم إدارة الأموال بخطوات عملية وأمثلة واضحة، ثم طبّقها أسبو…"
  },

  {
    "slug": "daily-expense-tracking-without-complexity",
    "title": "ابدأ تتبع المصاريف اليومية بسهولة في 10 دقائق",
    "url": "/تتبع-المصاريف-اليومية/",
    "date": "2026-02-13",
    "categories": ["تتبع المصاريف"],
    "tags": ["تتبع المصاريف","تنظيم المصاريف","إدارة المصاريف","تطبيق مصاريف"],
    "description": "ابدأ تتبع المصاريف اليومية بسهولة في 10 دقائق: ابدأ من الواقع، لا من التخمين. تعلّم تتبع المصاريف بخطوات عملية وأمثلة واضحة، ثم طبّقها أسبوعيًا لتحسين النتيجة…"
  },

  {
    "slug": "control-daily-expenses",
    "title": "كيف أتحكم بالمصاريف اليومية؟",
    "url": "/control-daily-expenses/",
    "date": "2026-02-13",
    "categories": ["المصاريف"],
    "tags": ["تنظيم المصاريف","تتبع الإنفاق","إدارة الأموال الشخصية"],
    "description": "كيف أتحكم بالمصاريف اليومية: هذا المحتوى يختصر عليك التجربة والخطأ. تعلّم إدارة الأموال بخطوات عملية وأمثلة واضحة، ثم طبّقها أسبوعيًا لتحسين النتيجة وتقليل ال…"
  },

  {
    "slug": "calculate-monthly-expenses-variable-income",
    "title": "احسب مصاريفك الشهرية بدقة مع دخل متغير خلال 30 يومًا",
    "url": "/حساب-المصاريف-الشهرية/",
    "date": "2026-02-13",
    "categories": ["الميزانية"],
    "tags": ["حساب المصاريف الشهرية","تنظيم المصاريف","ميزانية شهرية","إدارة المصاريف"],
    "description": "احسب مصاريفك الشهرية بدقة مع دخل متغير خلال 30 يومًا: المشكلة ليست في الفكرة بل في التطبيق. تعلّم إدارة الأموال بخطوات عملية وأمثلة واضحة، ثم طبّقها أسبوعيًا"
  },

  {
    "slug": "build-sustainable-personal-financial-system",
    "title": "كيف تبني نظامًا ماليًا شخصيًا مستدامًا خلال 90 يومًا؟",
    "url": "/build-sustainable-personal-financial-system/",
    "date": "2026-02-13",
    "categories": ["الميزانية"],
    "tags": ["المصاريف","الميزانية","إدارة الأموال"],
    "description": "كيف تبني نظامًا ماليًا شخصيًا مستدامًا خلال 90 يومًا: بدل النصائح العامة، هذه خطوات تنفيذية. تعلّم إدارة الأموال بخطوات عملية وأمثلة واضحة، ثم طبّقها أسبوعيًا…"
  },

  {
    "slug": "build-budget-from-zero-15-min",
    "title": "كيف تبني ميزانية شهرية من الصفر في 15 دقيقة؟",
    "url": "/build-monthly-budget-from-zero-15-min/",
    "date": "2026-02-13",
    "categories": ["الميزانية"],
    "tags": ["المصاريف","الميزانية","إدارة الأموال"],
    "description": "كيف تبني ميزانية شهرية من الصفر في 15 دقيقة: إذا كانت النتائج متذبذبة، فهذا الدليل لك. تعلّم بناء الميزانية بخطوات عملية وأمثلة واضحة، ثم طبّقها أسبوعيًا لتحس…"
  },

  {
    "slug": "budget-vs-expense-organization",
    "title": "الفرق بين الميزانية وتنظيم المصاريف في 10 دقائق",
    "url": "/difference-between-budget-and-expense-organization/",
    "date": "2026-02-13",
    "categories": ["الميزانية"],
    "tags": ["تنظيم المصاريف","بناء ميزانية شهرية","إدارة الأموال الشخصية"],
    "description": "الفرق بين الميزانية وتنظيم المصاريف في 10 دقائق: تبحث عن حل واضح؟ تعلّم بناء الميزانية بخطوات عملية وأمثلة واضحة، ثم طبّقها أسبوعيًا لتحسين النتيجة وتقليل اله…"
  },

  {
    "slug": "budget-mistakes-make-you-fail-intent",
    "title": "7 أخطاء في الميزانية تجعلك تفشل كل شهر (وحلها العملي)",
    "url": "/budget-mistakes-make-you-fail/",
    "date": "2026-02-13",
    "categories": ["الميزانية"],
    "tags": ["بناء ميزانية شهرية","تنظيم المصاريف","إدارة الأموال الشخصية"],
    "description": "7 أخطاء في الميزانية تجعلك تفشل كل شهر: لو أردت نتيجة قابلة للقياس، ابدأ من هنا. تعلّم بناء الميزانية بخطوات عملية وأمثلة واضحة، ثم طبّقها أسبوعيًا لتحسين الن…"
  },

  {
    "slug": "budget-from-3000-salary",
    "title": "كيف أبدأ ميزانية من راتب 3000؟",
    "url": "/budget-from-3000-salary/",
    "date": "2026-02-13",
    "categories": ["الميزانية"],
    "tags": ["بناء ميزانية شهرية","تنظيم المصاريف","إدارة الأموال الشخصية"],
    "description": "كيف أبدأ ميزانية من راتب 3000: ابدأ من الواقع، لا من التخمين. تعلّم بناء الميزانية بخطوات عملية وأمثلة واضحة، ثم طبّقها أسبوعيًا لتحسين النتيجة وتقليل الهدر."
  },

  {
    "slug": "budget-control-egypt-morocco",
    "title": "اضبط ميزانيتك في مصر والمغرب خلال 30 يومًا (خطة)",
    "url": "/تنظيم-المصاريف-في-مصر-والمغرب/",
    "date": "2026-02-13",
    "categories": ["الميزانية"],
    "tags": ["تنظيم المصاريف","ميزانية شهرية","مصر","المغرب","إدارة المصاريف"],
    "description": "اضبط ميزانيتك في مصر والمغرب خلال 30 يومًا: هذا المحتوى يختصر عليك التجربة والخطأ. تعلّم إدارة الأموال بخطوات عملية وأمثلة واضحة، ثم طبّقها أسبوعيًا لتحسين ال…"
  },

  {
    "slug": "best-way-track-expenses-2026",
    "title": "أفضل طريقة لتتبع المصاريف في 2026",
    "url": "/best-way-track-expenses-2026/",
    "date": "2026-02-13",
    "categories": ["المصاريف"],
    "tags": ["المصاريف","الميزانية","إدارة الأموال"],
    "description": "أفضل طريقة لتتبع المصاريف في 2026: المشكلة ليست في الفكرة بل في التطبيق. تعلّم تتبع المصاريف بخطوات عملية وأمثلة واضحة، ثم طبّقها أسبوعيًا لتحسين النتيجة وتقل…"
  },

  {
    "slug": "best-way-to-split-salary-monthly",
    "title": "أفضل طريقة لتقسيم الراتب شهريًا",
    "url": "/best-way-to-split-salary-monthly/",
    "date": "2026-02-13",
    "categories": ["الميزانية"],
    "tags": ["بناء ميزانية شهرية","إدارة الأموال الشخصية","تنظيم المصاريف"],
    "description": "أفضل طريقة لتقسيم الراتب شهريًا: بدل النصائح العامة، هذه خطوات تنفيذية. تعلّم تنظيم الراتب بخطوات عملية وأمثلة واضحة، ثم طبّقها أسبوعيًا لتحسين النتيجة وتقليل…"
  },

  {
    "slug": "app-vs-manual-expense-tracking",
    "title": "اختر بين تطبيق مصاريف أو دفتر يدوي في 7 أيام",
    "url": "/تطبيق-مصاريف-ام-دفتر/",
    "date": "2026-02-13",
    "categories": ["تتبع المصاريف"],
    "tags": ["تطبيق مصاريف","تتبع المصاريف","إدارة المصاريف","تنظيم المصاريف"],
    "description": "اختر بين تطبيق مصاريف أو دفتر يدوي في 7 أيام: إذا كانت النتائج متذبذبة، فهذا الدليل لك. تعلّم تتبع المصاريف بخطوات عملية وأمثلة واضحة، ثم طبّقها أسبوعيًا لتحس…"
  },

  {
    "slug": "7-budget-mistakes-break-monthly-plan",
    "title": "تجنّب 7 أخطاء ميزانية ووفّر خلال 30 يومًا (دليل)",
    "url": "/7-budget-mistakes-break-monthly-plan/",
    "date": "2026-02-13",
    "categories": ["الميزانية"],
    "tags": ["ميزانية شهرية","تنظيم المصاريف","budget planning"],
    "description": "تجنّب 7 أخطاء ميزانية ووفّر خلال 30 يومًا: تبحث عن حل واضح؟ تعلّم بناء الميزانية بخطوات عملية وأمثلة واضحة، ثم طبّقها أسبوعيًا لتحسين النتيجة وتقليل الهدر."
  },

  {
    "slug": "weekly-budget-review",
    "title": "راجع ميزانيتك في 10 دقائق وارفع التحكم خلال 30 يومًا",
    "url": "/weekly-budget-review/",
    "date": "2026-02-12",
    "categories": ["الميزانية"],
    "tags": ["مراجعة الميزانية","التقارير المالية","إدارة الأموال"],
    "description": "راجع ميزانيتك في 10 دقائق وارفع التحكم خلال 30 يومًا: لو أردت نتيجة قابلة للقياس، ابدأ من هنا. تعلّم إدارة الأموال بخطوات عملية وأمثلة واضحة، ثم طبّقها أسبوعي…"
  },

  {
    "slug": "ultimate-guide-personal-finance-arabic",
    "title": "أتقن إدارة الأموال الشخصية بخطة عملية خلال 90 يومًا",
    "url": "/ultimate-guide-personal-finance-arabic/",
    "date": "2026-02-12",
    "categories": ["تنظيم المصاريف"],
    "tags": ["التخطيط المالي الشخصي","إدارة الديون","الادخار","الميزانية الشهرية"],
    "description": "أتقن إدارة الأموال الشخصية بخطة عملية خلال 90 يومًا: ابدأ من الواقع، لا من التخمين. تعلّم إدارة الأموال بخطوات عملية وأمثلة واضحة، ثم طبّقها أسبوعيًا لتحسين ا…"
  },

  {
    "slug": "organize-monthly-expenses-step-by-step",
    "title": "نظّم مصاريفك الشهرية ووفّر 20% خلال 30 يومًا (دليل)",
    "url": "/organize-monthly-expenses-step-by-step/",
    "date": "2026-02-12",
    "categories": ["تنظيم المصاريف"],
    "tags": ["تنظيم المصاريف","ميزانية شهرية","إدارة الأموال"],
    "description": "نظّم مصاريفك الشهرية ووفّر 20% خلال 30 يومًا: هذا المحتوى يختصر عليك التجربة والخطأ. تعلّم إدارة الأموال بخطوات عملية وأمثلة واضحة، ثم طبّقها أسبوعيًا لتحسين"
  },

  {
    "slug": "how-to-track-expenses-daily-effectively",
    "title": "تتبّع المصاريف يوميًا وقلّل الهدر خلال 30 يومًا (دليل)",
    "url": "/how-to-track-expenses-daily-effectively/",
    "date": "2026-02-12",
    "categories": ["تتبع المصاريف"],
    "tags": ["تتبع المصاريف","تنظيم المصاريف","expense manager"],
    "description": "تتبّع المصاريف يوميًا وقلّل الهدر خلال 30 يومًا: المشكلة ليست في الفكرة بل في التطبيق. تعلّم تتبع المصاريف بخطوات عملية وأمثلة واضحة، ثم طبّقها أسبوعيًا لتحسي…"
  },

  {
    "slug": "weekly-budget-review-system",
    "title": "طبّق مراجعة الميزانية الأسبوعية وقلّل الهدر خلال شهر",
    "url": "/weekly-budget-review-system/",
    "date": "2026-02-11",
    "categories": ["الميزانية"],
    "tags": ["مراجعة أسبوعية","تقارير مالية","تتبع المصاريف"],
    "description": "طبّق مراجعة الميزانية الأسبوعية وقلّل الهدر خلال شهر: بدل النصائح العامة، هذه خطوات تنفيذية. تعلّم مراجعة الميزانية بخطوات عملية وأمثلة واضحة، ثم طبّقها أسبوع…"
  },

  {
    "slug": "how-to-pay-off-debt-strategically",
    "title": "رتّب سداد الديون بذكاء وخفّف الضغط خلال 12 أسبوعًا",
    "url": "/how-to-pay-off-debt-strategically/",
    "date": "2026-02-10",
    "categories": ["الديون"],
    "tags": ["إدارة الديون","سداد الديون","التخطيط المالي"],
    "description": "رتّب سداد الديون بذكاء وخفّف الضغط خلال 12 أسبوعًا: إذا كانت النتائج متذبذبة، فهذا الدليل لك. تعلّم سداد الديون بخطوات عملية وأمثلة واضحة، ثم طبّقها أسبوعيًا"
  },

  {
    "slug": "build-emergency-fund-fast",
    "title": "ابنِ صندوق طوارئ يحمي الميزانية خلال 6 أشهر (دليل)",
    "url": "/build-emergency-fund-fast/",
    "date": "2026-02-09",
    "categories": ["الادخار"],
    "tags": ["صندوق الطوارئ","الادخار","التخطيط المالي"],
    "description": "ابنِ صندوق طوارئ يحمي الميزانية خلال 6 أشهر: تبحث عن حل واضح؟ تعلّم الادخار وتقليل الهدر بخطوات عملية وأمثلة واضحة، ثم طبّقها أسبوعيًا لتحسين النتيجة وتقليل ا…"
  },

  {
    "slug": "budgeting-mistakes-people-make",
    "title": "اكتشف أخطاء الميزانية المتكررة وصحّحها خلال 4 أسابيع",
    "url": "/budgeting-mistakes-people-make/",
    "date": "2026-02-08",
    "categories": ["أخطاء مالية شائعة"],
    "tags": ["أخطاء الميزانية","تنظيم المصاريف","إدارة الأموال"],
    "description": "اكتشف أخطاء الميزانية المتكررة وصحّحها خلال 4 أسابيع: لو أردت نتيجة قابلة للقياس، ابدأ من هنا. تعلّم بناء الميزانية بخطوات عملية وأمثلة واضحة، ثم طبّقها أسبوع…"
  },

  {
    "slug": "manual-vs-app-expense-tracking",
    "title": "قارن تطبيق المصاريف بالتسجيل اليدوي خلال 10 دقائق",
    "url": "/manual-vs-app-expense-tracking/",
    "date": "2026-02-07",
    "categories": ["تتبع المصاريف"],
    "tags": ["التسجيل اليدوي","expense manager","تتبع المصاريف"],
    "description": "قارن تطبيق المصاريف بالتسجيل اليدوي خلال 10 دقائق: ابدأ من الواقع، لا من التخمين. تعلّم إدارة الأموال بخطوات عملية وأمثلة واضحة، ثم طبّقها أسبوعيًا لتحسين الن…"
  },

  {
    "slug": "50-30-20-rule-explained",
    "title": "افهم قاعدة 50/30/20 وطبّقها خلال 30 يومًا (دليل)",
    "url": "/50-30-20-rule-explained/",
    "date": "2026-02-05",
    "categories": ["الميزانية"],
    "tags": ["قاعدة 50-30-20","budget","التخطيط المالي"],
    "description": "افهم قاعدة 50/30/20 وطبّقها خلال 30 يومًا: هذا المحتوى يختصر عليك التجربة والخطأ. تعلّم إدارة الأموال بخطوات عملية وأمثلة واضحة، ثم طبّقها أسبوعيًا لتحسين الن…"
  },

  {
    "slug": "reduce-monthly-expenses-smartly",
    "title": "قلّل المصاريف الشهرية بذكاء ووفّر 20% خلال 30 يومًا",
    "url": "/reduce-monthly-expenses-smartly/",
    "date": "2026-02-04",
    "categories": ["تنظيم المصاريف"],
    "tags": ["تقليل المصاريف","إدارة الأموال","ميزانية شهرية"],
    "description": "قلّل المصاريف الشهرية بذكاء ووفّر 20% خلال 30 يومًا: المشكلة ليست في الفكرة بل في التطبيق. تعلّم إدارة الأموال بخطوات عملية وأمثلة واضحة، ثم طبّقها أسبوعيًا ل…"
  },

  {
    "slug": "build-realistic-monthly-budget",
    "title": "ابنِ ميزانية شهرية واقعية ووفّر خلال 30 يومًا",
    "url": "/build-realistic-monthly-budget/",
    "date": "2026-02-03",
    "categories": ["الميزانية"],
    "tags": ["ميزانية شهرية","التخطيط المالي","تنظيم المصاريف"],
    "description": "ابنِ ميزانية شهرية واقعية ووفّر خلال 30 يومًا: بدل النصائح العامة، هذه خطوات تنفيذية. تعلّم بناء الميزانية بخطوات عملية وأمثلة واضحة، ثم طبّقها أسبوعيًا لتحسي…"
  },

  {
    "slug": "where-does-my-salary-go",
    "title": "اكتشف أين يضيع راتبك ونظّم المصاريف خلال 30 يومًا",
    "url": "/where-does-my-salary-go/",
    "date": "2026-02-02",
    "categories": ["تتبع المصاريف"],
    "tags": ["تتبع المصاريف","الراتب","إدارة الأموال"],
    "description": "اكتشف أين يضيع راتبك ونظّم المصاريف خلال 30 يومًا: إذا كانت النتائج متذبذبة، فهذا الدليل لك. تعلّم تنظيم الراتب بخطوات عملية وأمثلة واضحة، ثم طبّقها أسبوعيًا"
  },

  {
    "slug": "manage-personal-debt-step-by-step",
    "title": "نظّم إدارة الديون خطوة بخطوة خلال 90 يومًا (خطة)",
    "url": "/manage-personal-debt-step-by-step/",
    "date": "2026-02-01",
    "categories": ["الديون"],
    "tags": ["إدارة الديون","السداد","التخطيط المالي"],
    "description": "نظّم إدارة الديون خطوة بخطوة خلال 90 يومًا: تبحث عن حل واضح؟ تعلّم سداد الديون بخطوات عملية وأمثلة واضحة، ثم طبّقها أسبوعيًا لتحسين النتيجة وتقليل الهدر."
  },

  {
    "slug": "weekly-budget-control-system",
    "title": "اضبط الميزانية أسبوعيًا وامنع الانهيار في 10 دقائق",
    "url": "/weekly-budget-control-system/",
    "date": "2026-01-31",
    "categories": ["الميزانية"],
    "tags": ["مراجعة أسبوعية","ميزانية شهرية","تتبع المصاريف"],
    "description": "اضبط الميزانية أسبوعيًا وامنع الانهيار في 10 دقائق: لو أردت نتيجة قابلة للقياس، ابدأ من هنا. تعلّم مراجعة الميزانية بخطوات عملية وأمثلة واضحة، ثم طبّقها أسبوع…"
  },

  {
    "slug": "why-monthly-budget-fails",
    "title": "تجنّب فشل الميزانية الشهرية بخطة عملية خلال 30 يومًا",
    "url": "/why-monthly-budget-fails/",
    "date": "2026-01-29",
    "categories": ["الميزانية"],
    "tags": ["ميزانية شهرية","أخطاء الميزانية","تنظيم المصاريف"],
    "description": "تجنّب فشل الميزانية الشهرية بخطة عملية خلال 30 يومًا: ابدأ من الواقع، لا من التخمين. تعلّم بناء الميزانية بخطوات عملية وأمثلة واضحة، ثم طبّقها أسبوعيًا لتحسين…"
  },

  {
    "slug": "expense-organization-app-guide",
    "title": "اختر تطبيق تنظيم المصاريف المناسب خلال 7 أيام",
    "url": "/expense-organization-app-guide/",
    "date": "2026-01-28",
    "categories": ["تنظيم المصاريف"],
    "tags": ["تطبيق لتنظيم المصاريف","تتبع المصاريف","إدارة الأموال"],
    "description": "اختر تطبيق تنظيم المصاريف المناسب خلال 7 أيام: هذا المحتوى يختصر عليك التجربة والخطأ. تعلّم إدارة الأموال بخطوات عملية وأمثلة واضحة، ثم طبّقها أسبوعيًا لتحسين…"
  },

  {
    "slug": "best-arabic-expense-app",
    "title": "اختر أفضل تطبيق مصاريف عربي خلال 7 أيام (دليل)",
    "url": "/best-arabic-expense-app/",
    "date": "2026-01-27",
    "categories": ["تنظيم المصاريف"],
    "tags": ["أفضل تطبيق مصاريف عربي","تطبيق مصاريف","إدارة الميزانية"],
    "description": "اختر أفضل تطبيق مصاريف عربي خلال 7 أيام: المشكلة ليست في الفكرة بل في التطبيق. تعلّم إدارة الأموال بخطوات عملية وأمثلة واضحة، ثم طبّقها أسبوعيًا لتحسين النتيج…"
  },

  {
    "slug": "budget-management-program",
    "title": "اختر برنامج إدارة الميزانية وارفع الالتزام خلال 30 يومًا",
    "url": "/budget-management-program/",
    "date": "2026-01-26",
    "categories": ["الميزانية"],
    "tags": ["برنامج إدارة ميزانية","budget","التخطيط المالي"],
    "description": "اختر برنامج إدارة الميزانية وارفع الالتزام خلال 30 يومًا: بدل النصائح العامة، هذه خطوات تنفيذية. تعلّم بناء الميزانية بخطوات عملية وأمثلة واضحة، ثم طبّقها أسب…"
  },

  {
    "slug": "how-to-control-my-spending",
    "title": "تحكّم في المصاريف وقلّل الهدر خلال 30 يومًا (طريقة)",
    "url": "/how-to-control-my-spending/",
    "date": "2026-01-25",
    "categories": ["تنظيم المصاريف"],
    "tags": ["كيف أتحكم في مصروفي","تتبع المصاريف","إدارة الأموال"],
    "description": "تحكّم في المصاريف وقلّل الهدر خلال 30 يومًا: إذا كانت النتائج متذبذبة، فهذا الدليل لك. تعلّم إدارة الأموال بخطوات عملية وأمثلة واضحة، ثم طبّقها أسبوعيًا لتحسي…"
  },

  {
    "slug": "how-to-save-from-my-salary",
    "title": "وفّر من الراتب بذكاء وحسّن الميزانية خلال 30 يومًا",
    "url": "/how-to-save-from-my-salary/",
    "date": "2026-01-24",
    "categories": ["الادخار"],
    "tags": ["كيف أوفر من راتبي","الادخار","إدارة الأموال"],
    "description": "وفّر من الراتب بذكاء وحسّن الميزانية خلال 30 يومًا: تبحث عن حل واضح؟ تعلّم بناء الميزانية بخطوات عملية وأمثلة واضحة، ثم طبّقها أسبوعيًا لتحسين النتيجة وتقليل"
  },

  {
    "slug": "fast-debt-repayment-method",
    "title": "سدّد الديون بسرعة وحرّر الميزانية خلال 90 يومًا (خطة)",
    "url": "/fast-debt-repayment-method/",
    "date": "2026-01-23",
    "categories": ["الديون"],
    "tags": ["تسديد الديون بسرعة","إدارة الديون","التخطيط المالي"],
    "description": "سدّد الديون بسرعة وحرّر الميزانية خلال 90 يومًا: لو أردت نتيجة قابلة للقياس، ابدأ من هنا. تعلّم سداد الديون بخطوات عملية وأمثلة واضحة، ثم طبّقها أسبوعيًا لتحس…"
  },

  {
    "slug": "weekly-monthly-budget-review-guide",
    "title": "راجع الميزانية أسبوعيًا في 10 دقائق (خطة شهرية)",
    "url": "/weekly-monthly-budget-review-guide/",
    "date": "2026-01-20",
    "categories": ["الميزانية"],
    "tags": ["الميزانية الشهرية","تنظيم المصاريف","الميزانية"],
    "description": "راجع الميزانية أسبوعيًا في 10 دقائق: ابدأ من الواقع، لا من التخمين. تعلّم مراجعة الميزانية بخطوات عملية وأمثلة واضحة، ثم طبّقها أسبوعيًا لتحسين النتيجة وتقليل…"
  },

  {
    "slug": "family-budget-system-guide",
    "title": "طبّق ميزانية الأسرة بذكاء ووفّر خلال 4 أسابيع",
    "url": "/family-budget-system-guide/",
    "date": "2026-01-19",
    "categories": ["الميزانية"],
    "tags": ["الميزانية الشهرية","تنظيم المصاريف","الميزانية"],
    "description": "طبّق ميزانية الأسرة بذكاء ووفّر خلال 4 أسابيع: هذا المحتوى يختصر عليك التجربة والخطأ. تعلّم بناء الميزانية بخطوات عملية وأمثلة واضحة، ثم طبّقها أسبوعيًا لتحسي…"
  },

  {
    "slug": "personal-budget-system-guide",
    "title": "ابنِ ميزانية شخصية واضحة وقلّل الهدر خلال 30 يومًا",
    "url": "/personal-budget-system-guide/",
    "date": "2026-01-18",
    "categories": ["الميزانية"],
    "tags": ["الميزانية الشهرية","تنظيم المصاريف","الميزانية"],
    "description": "ابنِ ميزانية شخصية واضحة وقلّل الهدر خلال 30 يومًا: المشكلة ليست في الفكرة بل في التطبيق. تعلّم بناء الميزانية بخطوات عملية وأمثلة واضحة، ثم طبّقها أسبوعيًا ل…"
  },

  {
    "slug": "adjust-budget-with-changing-income",
    "title": "عدّل الميزانية مع تغير الدخل خلال 30 يومًا (خطة)",
    "url": "/adjust-budget-with-changing-income/",
    "date": "2026-01-17",
    "categories": ["الميزانية"],
    "tags": ["الميزانية الشهرية","تنظيم المصاريف","الميزانية"],
    "description": "عدّل الميزانية مع تغير الدخل خلال 30 يومًا: بدل النصائح العامة، هذه خطوات تنفيذية. تعلّم بناء الميزانية بخطوات عملية وأمثلة واضحة، ثم طبّقها أسبوعيًا لتحسين ا…"
  },

  {
    "slug": "common-budget-mistakes-guide",
    "title": "تجنّب أخطاء الميزانية ووفّر 15% خلال 30 يومًا (دليل)",
    "url": "/common-budget-mistakes-guide/",
    "date": "2026-01-16",
    "categories": ["الميزانية"],
    "tags": ["الميزانية الشهرية","تنظيم المصاريف","الميزانية"],
    "description": "تجنّب أخطاء الميزانية ووفّر 15% خلال 30 يومًا: إذا كانت النتائج متذبذبة، فهذا الدليل لك. تعلّم بناء الميزانية بخطوات عملية وأمثلة واضحة، ثم طبّقها أسبوعيًا لت…"
  },

  {
    "slug": "budget-planning-practical-method",
    "title": "خطّط الميزانية بوضوح وقلّل العشوائية خلال 30 يومًا",
    "url": "/budget-planning-practical-method/",
    "date": "2026-01-15",
    "categories": ["الميزانية"],
    "tags": ["الميزانية الشهرية","تنظيم المصاريف","الميزانية"],
    "description": "خطّط الميزانية بوضوح وقلّل العشوائية خلال 30 يومًا: تبحث عن حل واضح؟ تعلّم بناء الميزانية بخطوات عملية وأمثلة واضحة، ثم طبّقها أسبوعيًا لتحسين النتيجة وتقليل"
  },

  {
    "slug": "ready-monthly-budget-template",
    "title": "استخدم ميزانية شهرية جاهزة وابدأ التنظيم خلال 30 يومًا",
    "url": "/ready-monthly-budget-template/",
    "date": "2026-01-14",
    "categories": ["الميزانية"],
    "tags": ["الميزانية الشهرية","تنظيم المصاريف","الميزانية"],
    "description": "استخدم ميزانية شهرية جاهزة وابدأ التنظيم خلال 30 يومًا: لو أردت نتيجة قابلة للقياس، ابدأ من هنا. تعلّم بناء الميزانية بخطوات عملية وأمثلة واضحة، ثم طبّقها أسب…"
  },

  {
    "slug": "how-to-create-budget-step-by-step",
    "title": "أنشئ ميزانية شهرية ناجحة في 5 خطوات خلال 30 يومًا",
    "url": "/how-to-create-budget-step-by-step/",
    "date": "2026-01-13",
    "categories": ["الميزانية"],
    "tags": ["الميزانية الشهرية","تنظيم المصاريف","الميزانية"],
    "description": "أنشئ ميزانية شهرية ناجحة في 5 خطوات خلال 30 يومًا: ابدأ من الواقع، لا من التخمين. تعلّم بناء الميزانية بخطوات عملية وأمثلة واضحة، ثم طبّقها أسبوعيًا لتحسين ال…"
  },

  {
    "slug": "budget-50-30-20-arabic-guide",
    "title": "طبّق ميزانية 50/30/20 ووازن المصاريف خلال 30 يومًا",
    "url": "/budget-50-30-20-arabic-guide/",
    "date": "2026-01-12",
    "categories": ["الميزانية"],
    "tags": ["الميزانية الشهرية","تنظيم المصاريف","الميزانية"],
    "description": "طبّق ميزانية 50/30/20 ووازن المصاريف خلال 30 يومًا: هذا المحتوى يختصر عليك التجربة والخطأ. تعلّم بناء الميزانية بخطوات عملية وأمثلة واضحة، ثم طبّقها أسبوعيًا"
  },

  {
    "slug": "types-of-budgets-guide",
    "title": "اختر نوع الميزانية المناسب ووفر 20% خلال 30 يومًا",
    "url": "/types-of-budgets-guide/",
    "date": "2026-01-11",
    "categories": ["الميزانية"],
    "tags": ["الميزانية الشهرية","تنظيم المصاريف","الميزانية"],
    "description": "اختر نوع الميزانية المناسب ووفر 20% خلال 30 يومًا: المشكلة ليست في الفكرة بل في التطبيق. تعلّم بناء الميزانية بخطوات عملية وأمثلة واضحة، ثم طبّقها أسبوعيًا لت…"
  },

  {
    "slug": "expense-ledger-practical-guide",
    "title": "استخدم دفتر المصاريف بذكاء وارفع الدقة خلال 30 يومًا",
    "url": "/expense-ledger-practical-guide/",
    "date": "2026-01-10",
    "categories": ["المصاريف"],
    "tags": ["تنظيم المصاريف","تنظيم المصاريف","الميزانية"],
    "description": "استخدم دفتر المصاريف بذكاء وارفع الدقة خلال 30 يومًا: بدل النصائح العامة، هذه خطوات تنفيذية. تعلّم تتبع المصاريف بخطوات عملية وأمثلة واضحة، ثم طبّقها أسبوعيًا…"
  },

  {
    "slug": "monthly-expense-table-guide",
    "title": "استخدم جدول مصاريف عمليًا وقلّل الهدر خلال 30 يومًا",
    "url": "/monthly-expense-table-guide/",
    "date": "2026-01-09",
    "categories": ["المصاريف"],
    "tags": ["تنظيم المصاريف","تنظيم المصاريف","الميزانية"],
    "description": "استخدم جدول مصاريف عمليًا وقلّل الهدر خلال 30 يومًا: إذا كانت النتائج متذبذبة، فهذا الدليل لك. تعلّم إدارة الأموال بخطوات عملية وأمثلة واضحة، ثم طبّقها أسبوعي…"
  },

  {
    "slug": "cost-of-living-expenses-guide",
    "title": "خطّط مصاريف المعيشة بذكاء خلال 30 يومًا (دليل)",
    "url": "/cost-of-living-expenses-guide/",
    "date": "2026-01-08",
    "categories": ["المصاريف"],
    "tags": ["تنظيم المصاريف","تنظيم المصاريف","الميزانية"],
    "description": "خطّط مصاريف المعيشة بذكاء خلال 30 يومًا: تبحث عن حل واضح؟ تعلّم إدارة الأموال بخطوات عملية وأمثلة واضحة، ثم طبّقها أسبوعيًا لتحسين النتيجة وتقليل الهدر."
  },

  {
    "slug": "daily-life-expenses-control",
    "title": "اضبط مصاريف الحياة اليومية ووفّر خلال 4 أسابيع",
    "url": "/daily-life-expenses-control/",
    "date": "2026-01-07",
    "categories": ["المصاريف"],
    "tags": ["تنظيم المصاريف","تنظيم المصاريف","الميزانية"],
    "description": "اضبط مصاريف الحياة اليومية ووفّر خلال 4 أسابيع: لو أردت نتيجة قابلة للقياس، ابدأ من هنا. تعلّم إدارة الأموال بخطوات عملية وأمثلة واضحة، ثم طبّقها أسبوعيًا لتح…"
  },

  {
    "slug": "accurate-expense-calculation-method",
    "title": "احسب المصاريف بدقة وتجنب العجز خلال 30 يومًا",
    "url": "/accurate-expense-calculation-method/",
    "date": "2026-01-06",
    "categories": ["المصاريف"],
    "tags": ["تنظيم المصاريف","تنظيم المصاريف","الميزانية"],
    "description": "احسب المصاريف بدقة وتجنب العجز خلال 30 يومًا: ابدأ من الواقع، لا من التخمين. تعلّم إدارة الأموال بخطوات عملية وأمثلة واضحة، ثم طبّقها أسبوعيًا لتحسين النتيجة"
  },

  {
    "slug": "typical-monthly-expenses-model",
    "title": "ابنِ نموذج مصاريف شهرية واضح خلال 30 يومًا (طريقة)",
    "url": "/typical-monthly-expenses-model/",
    "date": "2026-01-05",
    "categories": ["المصاريف"],
    "tags": ["تنظيم المصاريف","تنظيم المصاريف","الميزانية"],
    "description": "ابنِ نموذج مصاريف شهرية واضح خلال 30 يومًا: هذا المحتوى يختصر عليك التجربة والخطأ. تعلّم إدارة الأموال بخطوات عملية وأمثلة واضحة، ثم طبّقها أسبوعيًا لتحسين ال…"
  },

  {
    "slug": "family-expenses-management-ar",
    "title": "نظّم مصاريف الأسرة وقلّل الهدر خلال 30 يومًا (خطة)",
    "url": "/family-expenses-management-ar/",
    "date": "2026-01-04",
    "categories": ["المصاريف"],
    "tags": ["تنظيم المصاريف","تنظيم المصاريف","الميزانية"],
    "description": "نظّم مصاريف الأسرة وقلّل الهدر خلال 30 يومًا: المشكلة ليست في الفكرة بل في التطبيق. تعلّم إدارة الأموال بخطوات عملية وأمثلة واضحة، ثم طبّقها أسبوعيًا لتحسين ا…"
  },

  {
    "slug": "reduce-expenses-practically",
    "title": "خفّض المصاريف عمليًا ووفّر 15% خلال 30 يومًا",
    "url": "/reduce-expenses-practically/",
    "date": "2026-01-03",
    "categories": ["المصاريف"],
    "tags": ["تنظيم المصاريف","تنظيم المصاريف","الميزانية"],
    "description": "خفّض المصاريف عمليًا ووفّر 15% خلال 30 يومًا: بدل النصائح العامة، هذه خطوات تنفيذية. تعلّم إدارة الأموال بخطوات عملية وأمثلة واضحة، ثم طبّقها أسبوعيًا لتحسين"
  },

  {
    "slug": "fixed-vs-variable-expenses-ar",
    "title": "فرّق المصاريف الثابتة والمتغيرة ووفّر خلال 30 يومًا",
    "url": "/fixed-vs-variable-expenses-ar/",
    "date": "2026-01-02",
    "categories": ["المصاريف"],
    "tags": ["تنظيم المصاريف","تنظيم المصاريف","الميزانية"],
    "description": "فرّق المصاريف الثابتة والمتغيرة ووفّر خلال 30 يومًا: إذا كانت النتائج متذبذبة، فهذا الدليل لك. تعلّم إدارة الأموال بخطوات عملية وأمثلة واضحة، ثم طبّقها أسبوعي…"
  },

  {
    "slug": "types-of-expenses-ar",
    "title": "افهم أنواع المصاريف وقلّل الهدر خلال 30 يومًا (دليل)",
    "url": "/types-of-expenses-ar/",
    "date": "2026-01-01",
    "categories": ["المصاريف"],
    "tags": ["تنظيم المصاريف","تنظيم المصاريف","الميزانية"],
    "description": "افهم أنواع المصاريف وقلّل الهدر خلال 30 يومًا: تبحث عن حل واضح؟ تعلّم إدارة الأموال بخطوات عملية وأمثلة واضحة، ثم طبّقها أسبوعيًا لتحسين النتيجة وتقليل الهدر.…"
  }

]
