<?xml version="1.0" encoding="utf-8"?><feed xmlns="http://www.w3.org/2005/Atom" ><generator uri="https://jekyllrb.com/" version="3.10.0">Jekyll</generator><link href="https://fouadshawish-png.github.io/feed.xml" rel="self" type="application/atom+xml" /><link href="https://fouadshawish-png.github.io/" rel="alternate" type="text/html" /><updated>2026-02-15T18:15:27+02:00</updated><id>https://fouadshawish-png.github.io/feed.xml</id><title type="html">محترف المصاريف</title><subtitle>مقالات ونصائح مالية عن إدارة المصاريف وتتبع الدخل وتحسين السلوك المالي.</subtitle><author><name>فؤاد شاويش</name><email>fouad.shawish@gmail.com</email></author><entry><title type="html">قاعدة 24 ساعة قبل الشراء: كيف توقف الإنفاق الاندفاعي دون حرمان</title><link href="https://fouadshawish-png.github.io/24-hour-rule-stop-impulse-spending/" rel="alternate" type="text/html" title="قاعدة 24 ساعة قبل الشراء: كيف توقف الإنفاق الاندفاعي دون حرمان" /><published>2026-02-15T00:00:00+02:00</published><updated>2026-02-15T00:00:00+02:00</updated><id>https://fouadshawish-png.github.io/24-hour-rule-stop-impulse-spending</id><content type="html" xml:base="https://fouadshawish-png.github.io/24-hour-rule-stop-impulse-spending/"><![CDATA[<p>أغلب قرارات الشراء الخاطئة ليست بسبب ضعف الدخل، بل بسبب سرعة القرار. قاعدة 24 ساعة قبل الشراء تعطيك مسافة زمنية كافية لتهدئة الرغبة اللحظية، ثم اتخاذ قرار أكثر اتزانًا.</p>

<h2 id="ما-هي-قاعدة-24-ساعة">ما هي قاعدة 24 ساعة؟</h2>

<p>أي مشتريات غير ضرورية تتجاوز حدًا بسيطًا تحدده أنت (مثل 100 أو 200) تؤجل قرارها 24 ساعة. خلال هذه الفترة لا تمنع نفسك بالقوة، فقط تؤجل التنفيذ.</p>

<p>الهدف:</p>

<ul>
  <li>تقليل الإنفاق الاندفاعي.</li>
  <li>رفع جودة كل قرار شراء.</li>
  <li>حماية الميزانية من التسرب الصغير المتكرر.</li>
</ul>

<h2 id="لماذا-تعمل-هذه-القاعدة">لماذا تعمل هذه القاعدة؟</h2>

<p>الشراء الاندفاعي غالبًا مرتبط بمشاعر لحظية:</p>

<ul>
  <li>ملل</li>
  <li>توتر</li>
  <li>مكافأة سريعة</li>
  <li>تأثير عروض مؤقتة</li>
</ul>

<p>بعد مرور 24 ساعة، ينخفض تأثير هذه المشاعر، ويظهر السؤال الحقيقي: “هل هذا الشراء يخدم هدفي المالي؟”</p>

<h2 id="خطوات-التطبيق-العملي">خطوات التطبيق العملي</h2>

<ol>
  <li>حدّد “حد التفعيل” (مثل أي شراء غير ضروري فوق 150).</li>
  <li>أنشئ قائمة انتظار شراء في الملاحظات.</li>
  <li>دوّن سبب الرغبة بالشراء.</li>
  <li>بعد 24 ساعة، قيّم القرار بأربعة معايير:
    <ul>
      <li>الحاجة الفعلية</li>
      <li>التوقيت</li>
      <li>تأثيره على الميزانية</li>
      <li>تأثيره على هدف الادخار أو سداد الدين</li>
    </ul>
  </li>
</ol>

<h2 id="نموذج-تقييم-سريع-بعد-24-ساعة">نموذج تقييم سريع بعد 24 ساعة</h2>

<table>
  <thead>
    <tr>
      <th>السؤال</th>
      <th>نعم/لا</th>
    </tr>
  </thead>
  <tbody>
    <tr>
      <td>هل أحتاجه فعلًا هذا الأسبوع؟</td>
      <td> </td>
    </tr>
    <tr>
      <td>هل لدي بديل متاح حاليًا؟</td>
      <td> </td>
    </tr>
    <tr>
      <td>هل سيؤثر على بند أساسي؟</td>
      <td> </td>
    </tr>
    <tr>
      <td>هل يدعم هدفي المالي أم يعطله؟</td>
      <td> </td>
    </tr>
  </tbody>
</table>

<p>إذا كانت الإجابات تميل إلى “لا”، ألغِ الشراء بدون تردد.</p>

<h2 id="كيف-تمنع-التحايل-على-القاعدة">كيف تمنع التحايل على القاعدة؟</h2>

<ul>
  <li>لا تقسّم المنتج إلى دفعات صغيرة لتجاوز الحد.</li>
  <li>لا تستخدم “العرض ينتهي اليوم” كمبرر تلقائي.</li>
  <li>لا تأخذ قرارًا ماليًا تحت ضغط عاطفي.</li>
</ul>

<h2 id="متى-لا-تنطبق-القاعدة">متى لا تنطبق القاعدة؟</h2>

<ul>
  <li>الحالات الطارئة.</li>
  <li>احتياجات العمل العاجلة.</li>
  <li>الأدوات الأساسية التي يتسبب تأجيلها بخسارة أكبر.</li>
</ul>

<p>القاعدة ليست جامدة، لكنها يجب أن تبقى واضحة.</p>

<h2 id="الربط-مع-النظام-المالي-الكامل">الربط مع النظام المالي الكامل</h2>

<p>قاعدة 24 ساعة تكون أقوى عندما تدمجها مع:</p>

<ul>
  <li><a href="/how-to-track-expenses-daily-effectively/">تتبع المصاريف اليومي</a></li>
  <li><a href="/weekly-budget-review-system/">المراجعة الأسبوعية</a></li>
  <li><a href="/split-salary-first-24-hours/">خطة توزيع الراتب</a></li>
</ul>

<p>وللتطبيق الفوري:</p>

<ul>
  <li><a href="/?route=all_transactions">افتح شاشة العمليات</a></li>
  <li><a href="/?route=reports">راجع تقريرك الأسبوعي</a></li>
</ul>

<h2 id="خلاصة-تنفيذية">خلاصة تنفيذية</h2>

<p>قاعدة 24 ساعة لا تمنع الشراء، بل تمنع الندم. هي أداة سلوكية بسيطة تحمي ميزانيتك من القرارات السريعة وتحوّل الإنفاق إلى قرار واعٍ.</p>

<ul>
  <li>التصنيف: <a href="/category/العادات-المالية/">العادات المالية</a></li>
  <li>جميع المواضيع: <a href="/topics/">مواضيع إدارة المصاريف والميزانية</a></li>
</ul>]]></content><author><name>فؤاد شاويش</name><email>fouad.shawish@gmail.com</email></author><category term="العادات المالية" /><category term="العادات المالية" /><category term="الإنفاق الاندفاعي" /><category term="ضبط المصاريف" /><summary type="html"><![CDATA[شرح عملي لقاعدة 24 ساعة قبل الشراء لتقليل المشتريات العاطفية ورفع جودة القرار المالي بدون ضغط أو حرمان.]]></summary><media:thumbnail xmlns:media="http://search.yahoo.com/mrss/" url="https://fouadshawish-png.github.io/assets/images/posts/how-to-control-my-spending-cover.jpg" /><media:content medium="image" url="https://fouadshawish-png.github.io/assets/images/posts/how-to-control-my-spending-cover.jpg" xmlns:media="http://search.yahoo.com/mrss/" /></entry><entry><title type="html">التحويل التلقائي أول الراتب: عادة ادخار تمنع التسرب قبل أن يبدأ</title><link href="https://fouadshawish-png.github.io/automate-savings-first-transfer-habit/" rel="alternate" type="text/html" title="التحويل التلقائي أول الراتب: عادة ادخار تمنع التسرب قبل أن يبدأ" /><published>2026-02-15T00:00:00+02:00</published><updated>2026-02-15T00:00:00+02:00</updated><id>https://fouadshawish-png.github.io/automate-savings-first-transfer-habit</id><content type="html" xml:base="https://fouadshawish-png.github.io/automate-savings-first-transfer-habit/"><![CDATA[<p>أقوى عادة ادخار ليست “الادخار مما يتبقى”، بل “الادخار قبل الصرف”. التحويل التلقائي أول الراتب يغيّر قواعد اللعبة: بدل انتظار الفائض، تصنع الفائض مسبقًا.</p>

<h2 id="لماذا-تفشل-عادة-الادخار-عند-كثير-من-الناس">لماذا تفشل عادة الادخار عند كثير من الناس؟</h2>

<ul>
  <li>الادخار يوضع في آخر الأولويات.</li>
  <li>كل مصروف يبدو عاجلًا خلال الشهر.</li>
  <li>لا يوجد نظام تلقائي يحمي القرار.</li>
</ul>

<p>النتيجة: نية ادخار ممتازة، تنفيذ ضعيف.</p>

<h2 id="مبدأ-ادفع-لنفسك-أولًا">مبدأ “ادفع لنفسك أولًا”</h2>

<p>في أول 24 ساعة من نزول الراتب:</p>

<ol>
  <li>تحويل مبلغ الادخار مباشرة.</li>
  <li>توزيع بقية الدخل على البنود.</li>
  <li>بدء الصرف بعد تثبيت التحويل.</li>
</ol>

<p>بهذا يصبح الادخار بندًا ثابتًا، لا فائضًا عشوائيًا.</p>

<h2 id="نموذج-عملي-للتنفيذ">نموذج عملي للتنفيذ</h2>

<p>لو كان الراتب 7000:</p>

<ul>
  <li>تحويل تلقائي 500 إلى حساب ادخار.</li>
  <li>المتبقي 6500 يوزع على الميزانية.</li>
  <li>نهاية 6 أشهر: 3000 قبل أي عوائد.</li>
</ul>

<h2 id="قواعد-تمنع-تعطل-العادة">قواعد تمنع تعطل العادة</h2>

<ul>
  <li>لا تجعل المبلغ كبيرًا في البداية.</li>
  <li>اجعل التحويل أوتوماتيكيًا بالكامل.</li>
  <li>راجع المبلغ كل 60 يومًا.</li>
  <li>عند ضغط مالي: خفّض المبلغ بدل الإلغاء.</li>
</ul>

<h2 id="أخطاء-شائعة">أخطاء شائعة</h2>

<ul>
  <li>ربط الادخار بالمزاج الشهري.</li>
  <li>سحب مبلغ الادخار لأي شراء غير طارئ.</li>
  <li>عدم الفصل بين حساب الادخار والمصاريف اليومية.</li>
</ul>

<h2 id="كيف-تربط-العادة-بخطة-مالية-متكاملة">كيف تربط العادة بخطة مالية متكاملة؟</h2>

<ul>
  <li><a href="/split-salary-first-24-hours/">تقسيم الراتب خلال أول 24 ساعة</a></li>
  <li><a href="/build-emergency-fund-fast/">بناء صندوق طوارئ</a></li>
  <li><a href="/weekly-budget-review-system/">مراجعة الميزانية الأسبوعية</a></li>
</ul>

<p>تنفيذ مباشر:</p>

<ul>
  <li><a href="/?route=budgets">افتح الميزانيات</a></li>
  <li><a href="/?route=goals">راجع الأهداف</a></li>
</ul>

<h2 id="خلاصة-تنفيذية">خلاصة تنفيذية</h2>

<p>التحويل التلقائي أول الراتب هو عادة حماية قبل أن يكون عادة ادخار. ثبّت المبلغ أولًا، ثم اسمح للمصاريف أن تتحرك ضمن ما تبقى.</p>

<ul>
  <li>التصنيف: <a href="/category/العادات-المالية/">العادات المالية</a></li>
  <li>جميع المواضيع: <a href="/topics/">مواضيع إدارة المصاريف والميزانية</a></li>
</ul>]]></content><author><name>فؤاد شاويش</name><email>fouad.shawish@gmail.com</email></author><category term="العادات المالية" /><category term="العادات المالية" /><category term="ادخار تلقائي" /><category term="إدارة الراتب" /><summary type="html"><![CDATA[طريقة عملية لتثبيت عادة التحويل التلقائي للادخار أول يوم راتب، حتى لا يضيع الادخار بين مصاريف الشهر.]]></summary><media:thumbnail xmlns:media="http://search.yahoo.com/mrss/" url="https://fouadshawish-png.github.io/assets/images/posts/split-salary-first-24-hours-cover.jpeg" /><media:content medium="image" url="https://fouadshawish-png.github.io/assets/images/posts/split-salary-first-24-hours-cover.jpeg" xmlns:media="http://search.yahoo.com/mrss/" /></entry><entry><title type="html">كيف تبني عادة تسجيل المصاريف يوميًا في أقل من 3 دقائق؟</title><link href="https://fouadshawish-png.github.io/daily-expense-tracking-habit-14-days/" rel="alternate" type="text/html" title="كيف تبني عادة تسجيل المصاريف يوميًا في أقل من 3 دقائق؟" /><published>2026-02-15T00:00:00+02:00</published><updated>2026-02-15T00:00:00+02:00</updated><id>https://fouadshawish-png.github.io/daily-expense-tracking-habit-14-days</id><content type="html" xml:base="https://fouadshawish-png.github.io/daily-expense-tracking-habit-14-days/"><![CDATA[<p>النجاح في إدارة المال لا يبدأ بميزانية معقدة، بل يبدأ بعادة واحدة بسيطة: تسجيل المصاريف يوميًا. المشكلة أن كثيرًا من الناس يبدؤون بقوة ثم يتوقفون بعد أيام. الحل ليس زيادة الحماس، بل تقليل الاحتكاك اليومي.</p>

<h2 id="لماذا-تفشل-عادة-التسجيل-عند-أغلب-الناس">لماذا تفشل عادة التسجيل عند أغلب الناس؟</h2>

<p>الأسباب المتكررة واضحة:</p>

<ul>
  <li>طريقة إدخال طويلة ومملة.</li>
  <li>توقع نتائج كبيرة خلال أيام.</li>
  <li>عدم وجود وقت ثابت للتسجيل.</li>
  <li>اعتبار اليوم الفائت “فشلًا” ثم ترك الخطة بالكامل.</li>
</ul>

<p>لهذا الهدف هنا ليس الكمال، بل الاستمرارية.</p>

<h2 id="خطة-14-يومًا-لتثبيت-العادة">خطة 14 يومًا لتثبيت العادة</h2>

<h3 id="الأيام-1-3-التأسيس">الأيام 1-3: التأسيس</h3>

<ul>
  <li>سجّل كل عملية بـ 4 عناصر فقط: المبلغ، التصنيف، وسيلة الدفع، ملاحظة قصيرة.</li>
  <li>لا تحاول التحليل أو التقييم.</li>
  <li>اجعل وقت التسجيل ثابتًا: قبل النوم أو بعد العشاء.</li>
</ul>

<h3 id="الأيام-4-7-تقليل-الاحتكاك">الأيام 4-7: تقليل الاحتكاك</h3>

<ul>
  <li>احذف أي تصنيفات غير ضرورية.</li>
  <li>استعمل نفس 6-8 تصنيفات الأساسية.</li>
  <li>حدّد حدًا زمنيًا: 3 دقائق كحد أقصى يوميًا.</li>
</ul>

<h3 id="الأيام-8-10-ربط-السلوك-بالقرار">الأيام 8-10: ربط السلوك بالقرار</h3>

<ul>
  <li>في نهاية كل يوم، اكتب سطرًا واحدًا: “أعلى بند اليوم = ___”.</li>
  <li>لا تغيّر كل شيء دفعة واحدة.</li>
  <li>ركّز على بند واحد عالي التكرار.</li>
</ul>

<h3 id="الأيام-11-14-تثبيت-الحلقة">الأيام 11-14: تثبيت الحلقة</h3>

<ul>
  <li>أضف مراجعة سريعة كل 3 أيام.</li>
  <li>اختر قرارًا واحدًا فقط للأسبوع التالي.</li>
  <li>اربط القرار بهدف واضح: تقليل الهدر أو دعم الادخار.</li>
</ul>

<h2 id="نموذج-عملي-سريع">نموذج عملي سريع</h2>

<p>لو كان متوسط المصاريف الصغيرة غير المرئية 35 يوميًا:</p>

<ul>
  <li>خلال 30 يومًا = 1050.</li>
  <li>بعد تثبيت التتبع وخفض المتوسط إلى 22 = 660.</li>
  <li>الفرق = 390 من بند لم يكن واضحًا أصلًا.</li>
</ul>

<p>هذه هي قوة العادة، وليس قوة الإرادة المؤقتة.</p>

<h2 id="قواعد-تمنع-الانقطاع">قواعد تمنع الانقطاع</h2>

<ol>
  <li>يوم فائت لا يعني نهاية الخطة.</li>
  <li>قرار واحد أفضل من خمس قرارات.</li>
  <li>البساطة أهم من الكمال.</li>
  <li>التسجيل أولًا، التحسين ثانيًا.</li>
</ol>

<h2 id="كيف-تربط-العادة-بنتائج-مالية-فعلية">كيف تربط العادة بنتائج مالية فعلية؟</h2>

<p>عندما تستمر في التسجيل، تصبح قراراتك أدق:</p>

<ul>
  <li>تعرف أين يذهب المال بدل التخمين.</li>
  <li>تكتشف البنود التي تحتاج سقفًا أسبوعيًا.</li>
  <li>تربط التتبع بالمراجعة والميزانية.</li>
</ul>

<p>ابدأ التنفيذ من هنا:</p>

<ul>
  <li><a href="/?route=all_transactions">تسجيل العمليات</a></li>
  <li><a href="/?route=reports">مراجعة التقارير</a></li>
  <li><a href="/build-realistic-monthly-budget/">بناء ميزانية واقعية</a></li>
</ul>

<h2 id="أخطاء-شائعة-أثناء-بناء-العادة">أخطاء شائعة أثناء بناء العادة</h2>

<ul>
  <li>تغيير الأداة كل أسبوع.</li>
  <li>فتح عشرات التصنيفات من البداية.</li>
  <li>تقييم نفسك عاطفيًا بدل الاعتماد على الأرقام.</li>
  <li>ربط الالتزام بالمزاج وليس بالموعد الثابت.</li>
</ul>

<h2 id="خلاصة-تنفيذية">خلاصة تنفيذية</h2>

<p>إذا أردت عادة مالية قوية، لا تبدأ بخطة ضخمة. ابدأ بعادة تسجيل قصيرة جدًا، لمدة 14 يومًا متتاليًا، واعتبر الاستمرارية هي معيار النجاح الأول.</p>

<ul>
  <li>التصنيف: <a href="/category/العادات-المالية/">العادات المالية</a></li>
  <li>جميع المواضيع: <a href="/topics/">مواضيع إدارة المصاريف والميزانية</a></li>
</ul>]]></content><author><name>فؤاد شاويش</name><email>fouad.shawish@gmail.com</email></author><category term="العادات المالية" /><category term="العادات المالية" /><category term="تتبع المصاريف" /><category term="انضباط مالي" /><summary type="html"><![CDATA[دليل عملي لبناء عادة تسجيل المصاريف خلال 14 يومًا بخطوات قصيرة قابلة للتنفيذ، حتى لو كنت تتوقف كل مرة بعد أيام قليلة.]]></summary><media:thumbnail xmlns:media="http://search.yahoo.com/mrss/" url="https://fouadshawish-png.github.io/assets/images/posts/how-to-track-expenses-daily-effectively-cover.jpg" /><media:content medium="image" url="https://fouadshawish-png.github.io/assets/images/posts/how-to-track-expenses-daily-effectively-cover.jpg" xmlns:media="http://search.yahoo.com/mrss/" /></entry><entry><title type="html">طريقة الأظرف الأسبوعية: عادة بسيطة لضبط المصاريف المتغيرة</title><link href="https://fouadshawish-png.github.io/envelope-method-weekly-spending-habit/" rel="alternate" type="text/html" title="طريقة الأظرف الأسبوعية: عادة بسيطة لضبط المصاريف المتغيرة" /><published>2026-02-15T00:00:00+02:00</published><updated>2026-02-15T00:00:00+02:00</updated><id>https://fouadshawish-png.github.io/envelope-method-weekly-spending-habit</id><content type="html" xml:base="https://fouadshawish-png.github.io/envelope-method-weekly-spending-habit/"><![CDATA[<p>أكبر سبب لانفلات المصاريف ليس البنود الثابتة، بل البنود المتغيرة. طريقة الأظرف الأسبوعية تساعدك على توزيع السقف الشهري إلى جرعات أسبوعية واضحة، فيصير التحكم أسهل.</p>

<h2 id="ما-هي-طريقة-الأظرف-الأسبوعية">ما هي طريقة الأظرف الأسبوعية؟</h2>

<p>بدل وضع سقف شهري فقط، تقسّم كل بند متغير إلى 4 أظرف أسبوعية:</p>

<ul>
  <li>ظرف الطعام</li>
  <li>ظرف النقل</li>
  <li>ظرف المشتريات السريعة</li>
</ul>

<p>كل ظرف له حد واضح للأسبوع.</p>

<h2 id="لماذا-تنجح-هذه-الطريقة">لماذا تنجح هذه الطريقة؟</h2>

<ul>
  <li>تمنع صرف نصف الميزانية في أول أسبوع.</li>
  <li>تكشف التجاوز مبكرًا.</li>
  <li>تسهّل اتخاذ قرار تصحيحي سريع.</li>
</ul>

<h2 id="تطبيق-عملي">تطبيق عملي</h2>

<p>لو بند الطعام الشهري = 1600:</p>

<ul>
  <li>كل أسبوع = 400.</li>
  <li>عند صرف 430 في أسبوع 1:</li>
  <li>التعويض في أسبوع 2 يكون بقرار واضح، لا بعشوائية.</li>
</ul>

<h2 id="قواعد-الالتزام">قواعد الالتزام</h2>

<ol>
  <li>لا تنقل بين الأظرف بدون سبب موثق.</li>
  <li>سقف أسبوعي أهم من إحساس “لسا بدري على نهاية الشهر”.</li>
  <li>قرار تعويض واحد يكفي كل أسبوع.</li>
  <li>راقب عدد العمليات، لا المبلغ فقط.</li>
</ol>

<h2 id="أخطاء-شائعة">أخطاء شائعة</h2>

<ul>
  <li>وضع سقوف غير واقعية من البداية.</li>
  <li>تعديل كل الأظرف كل أسبوع.</li>
  <li>إلغاء المراجعة الأسبوعية.</li>
</ul>

<h2 id="جدول-متابعة-بسيط">جدول متابعة بسيط</h2>

<table>
  <thead>
    <tr>
      <th>البند</th>
      <th style="text-align: right">سقف الأسبوع</th>
      <th style="text-align: right">الفعلي</th>
      <th style="text-align: right">الفارق</th>
      <th>الإجراء</th>
    </tr>
  </thead>
  <tbody>
    <tr>
      <td>الطعام</td>
      <td style="text-align: right">400</td>
      <td style="text-align: right">430</td>
      <td style="text-align: right">+30</td>
      <td>تقليل طلبين الأسبوع القادم</td>
    </tr>
    <tr>
      <td>النقل</td>
      <td style="text-align: right">150</td>
      <td style="text-align: right">135</td>
      <td style="text-align: right">-15</td>
      <td>تثبيت</td>
    </tr>
    <tr>
      <td>مشتريات سريعة</td>
      <td style="text-align: right">120</td>
      <td style="text-align: right">140</td>
      <td style="text-align: right">+20</td>
      <td>سقف يومي 15</td>
    </tr>
  </tbody>
</table>

<h2 id="الربط-مع-عادات-مالية-أخرى">الربط مع عادات مالية أخرى</h2>

<ul>
  <li><a href="/weekly-financial-review-habit/">المراجعة الأسبوعية 20 دقيقة</a></li>
  <li><a href="/no-spend-day-financial-habit/">اليوم بلا إنفاق</a></li>
  <li><a href="/daily-expense-tracking-habit-14-days/">تتبع المصاريف اليومي</a></li>
</ul>

<p>تنفيذ مباشر:</p>

<ul>
  <li><a href="/?route=budgets">افتح الميزانيات</a></li>
  <li><a href="/?route=reports">راجع التقارير</a></li>
</ul>

<h2 id="خلاصة-تنفيذية">خلاصة تنفيذية</h2>

<p>طريقة الأظرف الأسبوعية تحوّل الميزانية من رقم شهري عام إلى سلوك أسبوعي قابل للتنفيذ. وهذا هو الفرق بين خطة “جميلة” وخطة “فعّالة”.</p>

<ul>
  <li>التصنيف: <a href="/category/العادات-المالية/">العادات المالية</a></li>
  <li>جميع المواضيع: <a href="/topics/">مواضيع إدارة المصاريف والميزانية</a></li>
</ul>]]></content><author><name>فؤاد شاويش</name><email>fouad.shawish@gmail.com</email></author><category term="العادات المالية" /><category term="العادات المالية" /><category term="طريقة الأظرف" /><category term="مصاريف متغيرة" /><summary type="html"><![CDATA[شرح عملي لطريقة الأظرف الأسبوعية لإدارة بنود الطعام والمشتريات والنقل، وتقليل التجاوزات قبل نهاية الشهر.]]></summary><media:thumbnail xmlns:media="http://search.yahoo.com/mrss/" url="https://fouadshawish-png.github.io/assets/images/posts/budget-50-30-20-arabic-guide-cover.jpeg" /><media:content medium="image" url="https://fouadshawish-png.github.io/assets/images/posts/budget-50-30-20-arabic-guide-cover.jpeg" xmlns:media="http://search.yahoo.com/mrss/" /></entry><entry><title type="html">اجتماع مالي أسري 15 دقيقة أسبوعيًا: عادة تمنع الفوضى والخلافات</title><link href="https://fouadshawish-png.github.io/family-money-meeting-15-min-habit/" rel="alternate" type="text/html" title="اجتماع مالي أسري 15 دقيقة أسبوعيًا: عادة تمنع الفوضى والخلافات" /><published>2026-02-15T00:00:00+02:00</published><updated>2026-02-15T00:00:00+02:00</updated><id>https://fouadshawish-png.github.io/family-money-meeting-15-min-habit</id><content type="html" xml:base="https://fouadshawish-png.github.io/family-money-meeting-15-min-habit/"><![CDATA[<p>كثير من فوضى المصاريف داخل الأسرة ليس بسبب قلة المال، بل بسبب غياب التنسيق. اجتماع مالي أسري مدته 15 دقيقة أسبوعيًا يمكن أن يحل جزءًا كبيرًا من التوتر والتضارب في القرارات.</p>

<h2 id="لماذا-الاجتماع-المالي-مهم">لماذا الاجتماع المالي مهم؟</h2>

<ul>
  <li>يخلق لغة مالية مشتركة داخل البيت.</li>
  <li>يمنع القرارات الفردية المتعارضة مع الخطة.</li>
  <li>يكشف المشكلة مبكرًا قبل نهاية الشهر.</li>
</ul>

<h2 id="نموذج-اجتماع-15-دقيقة">نموذج اجتماع 15 دقيقة</h2>

<h3 id="5-دقائق-مراجعة-سريعة">5 دقائق: مراجعة سريعة</h3>

<ul>
  <li>ما البند الأعلى صرفًا هذا الأسبوع؟</li>
  <li>هل يوجد تجاوز واضح؟</li>
  <li>ما البند الذي التزمنا به جيدًا؟</li>
</ul>

<h3 id="5-دقائق-تحديد-الأولويات">5 دقائق: تحديد الأولويات</h3>

<ul>
  <li>ما المصروف الذي يحتاج ضبطًا فوريًا؟</li>
  <li>هل هناك التزام قادم يجب التحضير له؟</li>
</ul>

<h3 id="5-دقائق-قرار-واحد-مشترك">5 دقائق: قرار واحد مشترك</h3>

<ul>
  <li>قرار واحد فقط للأسبوع القادم.</li>
  <li>واضح بالأرقام.</li>
  <li>مسؤولية التنفيذ محددة.</li>
</ul>

<h2 id="قواعد-نجاح-الاجتماع">قواعد نجاح الاجتماع</h2>

<ol>
  <li>وقت ثابت كل أسبوع.</li>
  <li>بدون لوم شخصي.</li>
  <li>التركيز على الحل لا الماضي.</li>
  <li>قرار واحد بدل قائمة قرارات.</li>
</ol>

<h2 id="أخطاء-شائعة">أخطاء شائعة</h2>

<ul>
  <li>تحويل الاجتماع إلى نقاش طويل بلا نتيجة.</li>
  <li>فتح مواضيع كثيرة خارج الهدف.</li>
  <li>غياب الأرقام والاعتماد على الانطباع.</li>
</ul>

<h2 id="نموذج-جدول-قرار-أسري">نموذج جدول قرار أسري</h2>

<table>
  <thead>
    <tr>
      <th>المشكلة</th>
      <th>القرار</th>
      <th>المسؤول</th>
      <th>موعد المتابعة</th>
    </tr>
  </thead>
  <tbody>
    <tr>
      <td>تجاوز بند الطعام</td>
      <td>تقليل الطلبات الخارجية ليومين</td>
      <td>الطرفان</td>
      <td>نهاية الأسبوع</td>
    </tr>
    <tr>
      <td>مشتريات غير مخططة</td>
      <td>سقف يومي 20</td>
      <td>من يقوم بالشراء</td>
      <td>مراجعة الجمعة</td>
    </tr>
  </tbody>
</table>

<h2 id="روابط-عملية">روابط عملية</h2>

<ul>
  <li><a href="/تنظيم-مصاريف-الاسرة/">تنظيم مصاريف الأسرة خطوة بخطوة</a></li>
  <li><a href="/weekly-financial-review-habit/">المراجعة المالية الأسبوعية</a></li>
  <li><a href="/envelope-method-weekly-spending-habit/">طريقة الأظرف الأسبوعية</a></li>
</ul>

<p>تنفيذ مباشر:</p>

<ul>
  <li><a href="/?route=reports">افتح التقارير</a></li>
  <li><a href="/?route=budgets">افتح الميزانية</a></li>
</ul>

<h2 id="خلاصة-تنفيذية">خلاصة تنفيذية</h2>

<p>اجتماع أسري قصير ومنتظم أفضل بكثير من نقاشات طويلة متفرقة. 15 دقيقة أسبوعيًا قد تكون أهم عادة تحافظ على تماسك الخطة المالية في البيت.</p>

<ul>
  <li>التصنيف: <a href="/category/العادات-المالية/">العادات المالية</a></li>
  <li>جميع المواضيع: <a href="/topics/">مواضيع إدارة المصاريف والميزانية</a></li>
</ul>]]></content><author><name>فؤاد شاويش</name><email>fouad.shawish@gmail.com</email></author><category term="العادات المالية" /><category term="العادات المالية" /><category term="ميزانية الأسرة" /><category term="تنظيم المصاريف" /><summary type="html"><![CDATA[دليل عملي لعقد اجتماع مالي أسري قصير أسبوعيًا لتوحيد القرارات وتقليل الخلافات وتحسين الالتزام بالميزانية.]]></summary><media:thumbnail xmlns:media="http://search.yahoo.com/mrss/" url="https://fouadshawish-png.github.io/assets/images/posts/family-expense-organization-step-by-step-cover.jpeg" /><media:content medium="image" url="https://fouadshawish-png.github.io/assets/images/posts/family-expense-organization-step-by-step-cover.jpeg" xmlns:media="http://search.yahoo.com/mrss/" /></entry><entry><title type="html">الربط السلوكي للعادات المالية: كيف تلتزم بدون دافع مؤقت؟</title><link href="https://fouadshawish-png.github.io/habit-stacking-for-financial-discipline/" rel="alternate" type="text/html" title="الربط السلوكي للعادات المالية: كيف تلتزم بدون دافع مؤقت؟" /><published>2026-02-15T00:00:00+02:00</published><updated>2026-02-15T00:00:00+02:00</updated><id>https://fouadshawish-png.github.io/habit-stacking-for-financial-discipline</id><content type="html" xml:base="https://fouadshawish-png.github.io/habit-stacking-for-financial-discipline/"><![CDATA[<p>المشكلة في العادات المالية غالبًا ليست “عدم المعرفة”، بل ضعف الاستمرارية. الربط السلوكي (Habit Stacking) يحل هذه المشكلة عبر قاعدة بسيطة: لا تبدأ العادة من فراغ، بل اربطها بعادة موجودة أصلًا.</p>

<h2 id="ما-هو-الربط-السلوكي">ما هو الربط السلوكي؟</h2>

<p>صيغة عملية:</p>

<p>“بعد [عادة موجودة] سأقوم بـ [عادة مالية جديدة]”.</p>

<p>أمثلة:</p>

<ul>
  <li>بعد العشاء: أسجل مصاريف اليوم.</li>
  <li>بعد استلام الراتب: أراجع توزيع البنود.</li>
  <li>بعد مراجعة الرسائل مساءً: أفتح التقرير لدقيقة.</li>
</ul>

<h2 id="لماذا-ينجح-هذا-الأسلوب">لماذا ينجح هذا الأسلوب؟</h2>

<ul>
  <li>يقلل مقاومة البداية.</li>
  <li>يثبت التوقيت تلقائيًا.</li>
  <li>يحول الالتزام إلى روتين لا يحتاج تفكيرًا طويلًا.</li>
</ul>

<h2 id="كيف-تطبق-الربط-السلوكي-خلال-7-أيام">كيف تطبق الربط السلوكي خلال 7 أيام؟</h2>

<ol>
  <li>اختر عادة مالية واحدة فقط.</li>
  <li>اختر عادة يومية ثابتة مرتبطة بها.</li>
  <li>اكتب الجملة بصيغة واضحة.</li>
  <li>نفّذها بنفس التوقيت أسبوعًا كاملًا.</li>
  <li>قِس الالتزام بالأيام لا بالكمال.</li>
</ol>

<h2 id="أخطاء-شائعة">أخطاء شائعة</h2>

<ul>
  <li>اختيار عادة أصلية غير ثابتة.</li>
  <li>إضافة خطوات كثيرة معًا.</li>
  <li>تغيير التوقيت كل يوم.</li>
</ul>

<h2 id="نموذج-جاهز">نموذج جاهز</h2>

<table>
  <thead>
    <tr>
      <th>العادة الأصلية</th>
      <th>العادة المالية المرتبطة</th>
    </tr>
  </thead>
  <tbody>
    <tr>
      <td>بعد شرب قهوة المساء</td>
      <td>تسجيل كل مصاريف اليوم</td>
    </tr>
    <tr>
      <td>بعد استلام الراتب</td>
      <td>تحويل الادخار التلقائي</td>
    </tr>
    <tr>
      <td>بعد صلاة الجمعة/الويكند</td>
      <td>مراجعة أسبوعية 20 دقيقة</td>
    </tr>
  </tbody>
</table>

<h2 id="الربط-مع-بقية-النظام">الربط مع بقية النظام</h2>

<ul>
  <li><a href="/daily-expense-tracking-habit-14-days/">عادة التسجيل اليومي</a></li>
  <li><a href="/automate-savings-first-transfer-habit/">التحويل التلقائي أول الراتب</a></li>
  <li><a href="/weekly-financial-review-habit/">المراجعة الأسبوعية</a></li>
</ul>

<p>تنفيذ مباشر:</p>

<ul>
  <li><a href="/?route=all_transactions">افتح شاشة العمليات</a></li>
  <li><a href="/?route=reports">افتح التقارير</a></li>
</ul>

<h2 id="خلاصة-تنفيذية">خلاصة تنفيذية</h2>

<p>عندما تربط العادة المالية بسلوك يومي ثابت، تنتقل من “محاولة الالتزام” إلى “التزام تلقائي”. وهذا هو الفرق الذي يصنع النتائج طويلة المدى.</p>

<ul>
  <li>التصنيف: <a href="/category/العادات-المالية/">العادات المالية</a></li>
  <li>جميع المواضيع: <a href="/topics/">مواضيع إدارة المصاريف والميزانية</a></li>
</ul>]]></content><author><name>فؤاد شاويش</name><email>fouad.shawish@gmail.com</email></author><category term="العادات المالية" /><category term="العادات المالية" /><category term="habit stacking" /><category term="انضباط مالي" /><summary type="html"><![CDATA[تعرف على أسلوب الربط السلوكي لبناء عادات مالية ثابتة عبر ربط كل عادة بمهمة يومية موجودة أصلًا.]]></summary><media:thumbnail xmlns:media="http://search.yahoo.com/mrss/" url="https://fouadshawish-png.github.io/assets/images/posts/weekly-monthly-budget-review-guide-cover.jpeg" /><media:content medium="image" url="https://fouadshawish-png.github.io/assets/images/posts/weekly-monthly-budget-review-guide-cover.jpeg" xmlns:media="http://search.yahoo.com/mrss/" /></entry><entry><title type="html">يوم بلا إنفاق: عادة أسبوعية بسيطة لتقليل الهدر بدون حرمان</title><link href="https://fouadshawish-png.github.io/no-spend-day-financial-habit/" rel="alternate" type="text/html" title="يوم بلا إنفاق: عادة أسبوعية بسيطة لتقليل الهدر بدون حرمان" /><published>2026-02-15T00:00:00+02:00</published><updated>2026-02-15T00:00:00+02:00</updated><id>https://fouadshawish-png.github.io/no-spend-day-financial-habit</id><content type="html" xml:base="https://fouadshawish-png.github.io/no-spend-day-financial-habit/"><![CDATA[<p>إذا شعرت أن المصاريف اليومية تتسرب بدون مبرر واضح، فعادة “يوم بلا إنفاق” من أسرع الأدوات العملية لضبط السلوك. الفكرة ليست التقشف، بل تدريب عقلك على التوقف قبل الصرف التلقائي.</p>

<h2 id="ما-المقصود-بيوم-بلا-إنفاق">ما المقصود بيوم بلا إنفاق؟</h2>

<p>يوم محدد أسبوعيًا تلتزم فيه بعدم أي شراء اختياري:</p>

<ul>
  <li>لا طلبات مفاجئة.</li>
  <li>لا مشتريات مزاجية.</li>
  <li>لا صرف “صغير” غير مخطط.</li>
</ul>

<p>الضروريات الطارئة فقط هي الاستثناء.</p>

<h2 id="لماذا-هذه-العادة-فعالة">لماذا هذه العادة فعالة؟</h2>

<p>لأنها تبني ثلاث مهارات مالية بسرعة:</p>

<ol>
  <li>تأجيل الرغبة اللحظية.</li>
  <li>التمييز بين الحاجة والرغبة.</li>
  <li>رفع وعيك بقرار الشراء نفسه.</li>
</ol>

<p>بعد 4 أسابيع غالبًا تلاحظ أن القرارات الاندفاعية انخفضت حتى خارج هذا اليوم.</p>

<h2 id="طريقة-التطبيق-في-5-خطوات">طريقة التطبيق في 5 خطوات</h2>

<ol>
  <li>اختر يومًا ثابتًا أسبوعيًا.</li>
  <li>جهّز احتياجاتك الأساسية قبل اليوم.</li>
  <li>اكتب “ممنوعات اليوم” بوضوح.</li>
  <li>سجّل أي رغبة شراء مؤجلة في قائمة.</li>
  <li>راجع نهاية اليوم: ماذا وفّرت؟ وما أصعب موقف؟</li>
</ol>

<h2 id="أخطاء-شائعة">أخطاء شائعة</h2>

<ul>
  <li>اختيار يوم مزدحم جدًا من البداية.</li>
  <li>اعتبار أي كسر بسيط نهاية الخطة.</li>
  <li>عدم التحضير المسبق للوجبات أو النقل.</li>
  <li>عدم تسجيل الدروس المستفادة.</li>
</ul>

<h2 id="نموذج-بسيط-للمتابعة">نموذج بسيط للمتابعة</h2>

<table>
  <thead>
    <tr>
      <th>الأسبوع</th>
      <th style="text-align: right">عدد أيام بلا إنفاق</th>
      <th style="text-align: right">قيمة المصاريف المؤجلة</th>
      <th>ملاحظة</th>
    </tr>
  </thead>
  <tbody>
    <tr>
      <td>1</td>
      <td style="text-align: right">1</td>
      <td style="text-align: right">70</td>
      <td>كسر واحد وقت المساء</td>
    </tr>
    <tr>
      <td>2</td>
      <td style="text-align: right">1</td>
      <td style="text-align: right">95</td>
      <td>التزام كامل</td>
    </tr>
    <tr>
      <td>3</td>
      <td style="text-align: right">1</td>
      <td style="text-align: right">80</td>
      <td>تحسن في ضبط المشتريات الصغيرة</td>
    </tr>
  </tbody>
</table>

<h2 id="كيف-تربط-العادة-بالنظام-المالي">كيف تربط العادة بالنظام المالي؟</h2>

<ul>
  <li>مع <a href="/24-hour-rule-stop-impulse-spending/">قاعدة 24 ساعة قبل الشراء</a></li>
  <li>مع <a href="/daily-expense-tracking-habit-14-days/">تتبع المصاريف اليومي</a></li>
  <li>مع <a href="/weekly-financial-review-habit/">المراجعة الأسبوعية</a></li>
</ul>

<p>ابدأ التنفيذ الآن:</p>

<ul>
  <li><a href="/?route=all_transactions">سجّل عملياتك</a></li>
  <li><a href="/?route=reports">راجع تقريرك</a></li>
</ul>

<h2 id="خلاصة-تنفيذية">خلاصة تنفيذية</h2>

<p>يوم بلا إنفاق ليس هدفه “توفير يوم واحد”، بل إعادة ضبط سلوكك طوال الأسبوع. عادة صغيرة، أثرها كبير عند الالتزام بها شهرًا متواصلًا.</p>

<ul>
  <li>التصنيف: <a href="/category/العادات-المالية/">العادات المالية</a></li>
  <li>جميع المواضيع: <a href="/topics/">مواضيع إدارة المصاريف والميزانية</a></li>
</ul>]]></content><author><name>فؤاد شاويش</name><email>fouad.shawish@gmail.com</email></author><category term="العادات المالية" /><category term="العادات المالية" /><category term="تقليل المصاريف" /><category term="انضباط الإنفاق" /><summary type="html"><![CDATA[تعرف على طريقة تطبيق يوم بلا إنفاق مرة أسبوعيًا لتقليل المصاريف المتسربة وتحسين التحكم المالي دون قرارات متطرفة.]]></summary><media:thumbnail xmlns:media="http://search.yahoo.com/mrss/" url="https://fouadshawish-png.github.io/assets/images/posts/reduce-expenses-practically-cover.jpeg" /><media:content medium="image" url="https://fouadshawish-png.github.io/assets/images/posts/reduce-expenses-practically-cover.jpeg" xmlns:media="http://search.yahoo.com/mrss/" /></entry><entry><title type="html">كيف تغيّر عاداتك المالية السيئة بخطة استبدال سلوكي لمدة 30 يومًا؟</title><link href="https://fouadshawish-png.github.io/replace-bad-financial-habits-30-days/" rel="alternate" type="text/html" title="كيف تغيّر عاداتك المالية السيئة بخطة استبدال سلوكي لمدة 30 يومًا؟" /><published>2026-02-15T00:00:00+02:00</published><updated>2026-02-15T00:00:00+02:00</updated><id>https://fouadshawish-png.github.io/replace-bad-financial-habits-30-days</id><content type="html" xml:base="https://fouadshawish-png.github.io/replace-bad-financial-habits-30-days/"><![CDATA[<p>محاولة إيقاف عادة مالية سيئة بالقوة غالبًا تفشل. السبب أن السلوك المالي مرتبط بروتين يومي ومشاعر لحظية. لذلك الأفضل هو “الاستبدال السلوكي”: لا تمنع السلوك فقط، بل تضع بديلًا عمليًا واضحًا.</p>

<h2 id="ما-هي-أكثر-العادات-المالية-السيئة-شيوعًا">ما هي أكثر العادات المالية السيئة شيوعًا؟</h2>

<ul>
  <li>شراء اندفاعي عند التوتر.</li>
  <li>مصاريف صغيرة متكررة بدون تسجيل.</li>
  <li>استخدام بطاقة الدفع كمصدر قرار فوري.</li>
  <li>تأجيل المراجعة حتى نهاية الشهر.</li>
</ul>

<p>هذه العادات لا تبدو خطيرة يوميًا، لكنها تصنع عجزًا تراكميًا.</p>

<h2 id="قاعدة-الاستبدال-بدل-المنع">قاعدة الاستبدال بدل المنع</h2>

<p>كل عادة سيئة يجب أن تقابلها عادة بديلة:</p>

<ul>
  <li>بدل الشراء الفوري: قاعدة 24 ساعة.</li>
  <li>بدل الإنفاق غير المسجل: تسجيل فوري خلال دقيقة.</li>
  <li>بدل قرار عشوائي: سقف يومي واضح.</li>
  <li>بدل مراجعة شهرية متأخرة: مراجعة أسبوعية ثابتة.</li>
</ul>

<p>التركيز على البديل يجعل الالتزام أسهل بكثير.</p>

<h2 id="خطة-30-يومًا-خطوة-بخطوة">خطة 30 يومًا خطوة بخطوة</h2>

<h3 id="الأسبوع-الأول-التشخيص">الأسبوع الأول: التشخيص</h3>

<ul>
  <li>اختر عادة سيئة واحدة فقط.</li>
  <li>سجّل متى تحدث ولماذا تحدث.</li>
  <li>لا تغيّر سلوكك بعد، فقط افهم النمط.</li>
</ul>

<h3 id="الأسبوع-الثاني-وضع-البديل">الأسبوع الثاني: وضع البديل</h3>

<ul>
  <li>اكتب بديلًا محددًا وسهلًا.</li>
  <li>اجعل البديل يحتاج أقل جهد ممكن.</li>
  <li>ثبّت موعدًا يوميًا قصيرًا للمتابعة.</li>
</ul>

<h3 id="الأسبوع-الثالث-قياس-الالتزام">الأسبوع الثالث: قياس الالتزام</h3>

<ul>
  <li>كم مرة نجحت في تطبيق البديل؟</li>
  <li>ما المواقف التي أعادتك للسلوك القديم؟</li>
  <li>ما التعديل المطلوب لتسهيل البديل؟</li>
</ul>

<h3 id="الأسبوع-الرابع-التثبيت">الأسبوع الرابع: التثبيت</h3>

<ul>
  <li>ثبّت البديل الناجح.</li>
  <li>أضف حافزًا بسيطًا للاستمرار.</li>
  <li>حضّر نفسك لتطبيق نفس المنهج على عادة جديدة.</li>
</ul>

<h2 id="مثال-واقعي">مثال واقعي</h2>

<p>المشكلة: شراء قهوة وطلبات سريعة 5 أيام أسبوعيًا.</p>

<p>البديل:</p>

<ul>
  <li>يومان فقط شراء خارجي.</li>
  <li>3 أيام بديل منزلي.</li>
  <li>تسجيل مباشر بعد كل عملية.</li>
</ul>

<p>بعد 4 أسابيع غالبًا ستلاحظ:</p>

<ul>
  <li>انخفاض عدد العمليات الاندفاعية.</li>
  <li>تحسن الالتزام بسقف الإنفاق.</li>
  <li>وضوح أعلى عند اتخاذ قرار الشراء.</li>
</ul>

<h2 id="مؤشرات-نجاح-الخطة">مؤشرات نجاح الخطة</h2>

<ol>
  <li>تراجع تكرار السلوك القديم.</li>
  <li>ارتفاع تطبيق السلوك البديل.</li>
  <li>انخفاض المصاريف غير المخططة.</li>
  <li>ثبات المراجعة الأسبوعية.</li>
</ol>

<h2 id="أدوات-مساعدة-للتنفيذ">أدوات مساعدة للتنفيذ</h2>

<ul>
  <li><a href="/24-hour-rule-stop-impulse-spending/">قاعدة 24 ساعة قبل الشراء</a></li>
  <li><a href="/daily-expense-tracking-habit-14-days/">تتبع المصاريف اليومي</a></li>
  <li><a href="/weekly-financial-review-habit/">نظام مراجعة أسبوعي</a></li>
</ul>

<p>وتنفيذًا مباشرًا:</p>

<ul>
  <li><a href="/?route=all_transactions">سجل أول عملية الآن</a></li>
  <li><a href="/?route=reports">راجع أثر التغيير في التقارير</a></li>
</ul>

<h2 id="خلاصة-تنفيذية">خلاصة تنفيذية</h2>

<p>تغيير العادات المالية لا يحتاج صدمة سلوكية. يحتاج خطة استبدال تدريجية، عادة واحدة، وقياس أسبوعي واضح. بهذه الطريقة تضمن التحسن بدون انقطاع.</p>

<ul>
  <li>التصنيف: <a href="/category/العادات-المالية/">العادات المالية</a></li>
  <li>جميع المواضيع: <a href="/topics/">مواضيع إدارة المصاريف والميزانية</a></li>
</ul>]]></content><author><name>فؤاد شاويش</name><email>fouad.shawish@gmail.com</email></author><category term="العادات المالية" /><category term="العادات المالية" /><category term="سلوك مالي" /><category term="تقليل الهدر" /><summary type="html"><![CDATA[خطة عملية لمدة 30 يومًا لتغيير العادات المالية السيئة عبر الاستبدال السلوكي بدل المنع القاسي، مع خطوات قابلة للتطبيق يوميًا.]]></summary><media:thumbnail xmlns:media="http://search.yahoo.com/mrss/" url="https://fouadshawish-png.github.io/assets/images/posts/build-sustainable-personal-financial-system-cover.jpeg" /><media:content medium="image" url="https://fouadshawish-png.github.io/assets/images/posts/build-sustainable-personal-financial-system-cover.jpeg" xmlns:media="http://search.yahoo.com/mrss/" /></entry><entry><title type="html">دفتر محفزات الإنفاق: عادة ذكية لكشف أسباب الصرف قبل تكرارها</title><link href="https://fouadshawish-png.github.io/spending-triggers-journal-habit/" rel="alternate" type="text/html" title="دفتر محفزات الإنفاق: عادة ذكية لكشف أسباب الصرف قبل تكرارها" /><published>2026-02-15T00:00:00+02:00</published><updated>2026-02-15T00:00:00+02:00</updated><id>https://fouadshawish-png.github.io/spending-triggers-journal-habit</id><content type="html" xml:base="https://fouadshawish-png.github.io/spending-triggers-journal-habit/"><![CDATA[<p>أحيانًا المشكلة ليست في السعر، بل في “السبب” الذي دفعك للشراء. دفتر محفزات الإنفاق يساعدك على كشف النمط الخفي: متى تصرف؟ ولماذا؟ وما البديل في المرة التالية؟</p>

<h2 id="ما-الذي-تسجله-في-دفتر-المحفزات">ما الذي تسجله في دفتر المحفزات؟</h2>

<p>كل عملية صرف غير مخططة يفضل أن تسجل لها:</p>

<ol>
  <li>التوقيت.</li>
  <li>المحفز (توتر، ملل، عرض، ضغط اجتماعي).</li>
  <li>المبلغ.</li>
  <li>البديل الذي كان ممكنًا.</li>
</ol>

<p>لا تحتاج كتابة طويلة، فقط مؤشرات واضحة.</p>

<h2 id="لماذا-هذه-العادة-قوية">لماذا هذه العادة قوية؟</h2>

<ul>
  <li>تكشف جذر المشكلة بدل التعامل مع النتيجة.</li>
  <li>تساعدك على بناء خطة وقائية قبل تكرار نفس الخطأ.</li>
  <li>ترفع وعيك قبل عملية الشراء التالية.</li>
</ul>

<h2 id="مثال-عملي">مثال عملي</h2>

<p>خلال أسبوع تم تسجيل 6 عمليات غير مخططة:</p>

<ul>
  <li>3 عمليات بسبب “تعب بعد العمل”.</li>
  <li>عمليتان بسبب “عروض تطبيقات”.</li>
  <li>عملية واحدة بسبب “خروج اجتماعي مفاجئ”.</li>
</ul>

<p>القرار للأسبوع التالي:</p>

<ul>
  <li>تجهيز بديل جاهز بعد العمل.</li>
  <li>إلغاء إشعارات العروض.</li>
  <li>تحديد سقف للخروج الاجتماعي.</li>
</ul>

<h2 id="أخطاء-شائعة">أخطاء شائعة</h2>

<ul>
  <li>تسجيل المبلغ بدون سبب السلوك.</li>
  <li>المراجعة المتقطعة.</li>
  <li>عدم وضع إجراء وقائي واضح.</li>
</ul>

<h2 id="نموذج-مراجعة-أسبوعية">نموذج مراجعة أسبوعية</h2>

<table>
  <thead>
    <tr>
      <th>المحفز الأكثر تكرارًا</th>
      <th style="text-align: right">عدد التكرار</th>
      <th>الإجراء الوقائي</th>
    </tr>
  </thead>
  <tbody>
    <tr>
      <td>توتر المساء</td>
      <td style="text-align: right">3</td>
      <td>قاعدة 24 ساعة + بديل منزلي</td>
    </tr>
    <tr>
      <td>عروض تطبيقات</td>
      <td style="text-align: right">2</td>
      <td>إيقاف الإشعارات</td>
    </tr>
    <tr>
      <td>خروج مفاجئ</td>
      <td style="text-align: right">1</td>
      <td>سقف ثابت للخروج</td>
    </tr>
  </tbody>
</table>

<h2 id="ربط-دفتر-المحفزات-بعادات-أخرى">ربط دفتر المحفزات بعادات أخرى</h2>

<ul>
  <li><a href="/24-hour-rule-stop-impulse-spending/">قاعدة 24 ساعة قبل الشراء</a></li>
  <li><a href="/no-spend-day-financial-habit/">اليوم بلا إنفاق</a></li>
  <li><a href="/replace-bad-financial-habits-30-days/">خطة تغيير العادات السيئة</a></li>
</ul>

<p>تنفيذ مباشر:</p>

<ul>
  <li><a href="/?route=all_transactions">سجل العمليات الآن</a></li>
  <li><a href="/?route=reports">افتح التقارير</a></li>
</ul>

<h2 id="خلاصة-تنفيذية">خلاصة تنفيذية</h2>

<p>دفتر محفزات الإنفاق يحوّل الإنفاق الاندفاعي من سلوك غامض إلى نمط مفهوم، ثم إلى قرارات وقائية واضحة. هذا هو الطريق الأسرع لتقليل التكرار.</p>

<ul>
  <li>التصنيف: <a href="/category/العادات-المالية/">العادات المالية</a></li>
  <li>جميع المواضيع: <a href="/topics/">مواضيع إدارة المصاريف والميزانية</a></li>
</ul>]]></content><author><name>فؤاد شاويش</name><email>fouad.shawish@gmail.com</email></author><category term="العادات المالية" /><category term="العادات المالية" /><category term="سلوك الإنفاق" /><category term="ضبط المصاريف" /><summary type="html"><![CDATA[تعلم كيف تبني دفترًا بسيطًا لمحفزات الإنفاق لاكتشاف أسباب الشراء العاطفي وتقليل الهدر المتكرر بشكل عملي.]]></summary><media:thumbnail xmlns:media="http://search.yahoo.com/mrss/" url="https://fouadshawish-png.github.io/assets/images/posts/where-salary-goes-practical-analysis-cover.jpeg" /><media:content medium="image" url="https://fouadshawish-png.github.io/assets/images/posts/where-salary-goes-practical-analysis-cover.jpeg" xmlns:media="http://search.yahoo.com/mrss/" /></entry><entry><title type="html">عادة المراجعة المالية الأسبوعية: 20 دقيقة تمنع مفاجآت نهاية الشهر</title><link href="https://fouadshawish-png.github.io/weekly-financial-review-habit/" rel="alternate" type="text/html" title="عادة المراجعة المالية الأسبوعية: 20 دقيقة تمنع مفاجآت نهاية الشهر" /><published>2026-02-15T00:00:00+02:00</published><updated>2026-02-15T00:00:00+02:00</updated><id>https://fouadshawish-png.github.io/weekly-financial-review-habit</id><content type="html" xml:base="https://fouadshawish-png.github.io/weekly-financial-review-habit/"><![CDATA[<p>الفرق بين شخص ينهي الشهر تحت ضغط، وشخص ينهيه بهدوء، غالبًا ليس في الدخل بل في عادة المراجعة الأسبوعية. 20 دقيقة كل أسبوع قد تمنع أخطاء تتراكم شهرًا كاملًا.</p>

<h2 id="لماذا-المراجعة-الأسبوعية-أقوى-من-المراجعة-الشهرية-فقط">لماذا المراجعة الأسبوعية أقوى من المراجعة الشهرية فقط؟</h2>

<p>عندما تراجع مرة واحدة بنهاية الشهر يكون التصحيح متأخرًا. أما المراجعة الأسبوعية فتعطيك فرصة تدخل مبكر:</p>

<ul>
  <li>اكتشاف التجاوز قبل أن يكبر.</li>
  <li>تعديل قرار واحد بسرعة.</li>
  <li>حماية بنود الادخار والسداد من الانهيار.</li>
</ul>

<h2 id="نموذج-مراجعة-20-دقيقة">نموذج مراجعة 20 دقيقة</h2>

<h3 id="الدقائق-1-5-قراءة-الأرقام">الدقائق 1-5: قراءة الأرقام</h3>

<ul>
  <li>ما أعلى 3 بنود صرف؟</li>
  <li>ما أكبر تجاوز؟</li>
  <li>ما البند الذي تحسن؟</li>
</ul>

<h3 id="الدقائق-6-12-فهم-السبب">الدقائق 6-12: فهم السبب</h3>

<ul>
  <li>هل التجاوز ظرف مؤقت أم نمط متكرر؟</li>
  <li>هل السقف غير واقعي أم الالتزام ضعيف؟</li>
  <li>هل المشكلة في عدد العمليات أم قيمة العملية؟</li>
</ul>

<h3 id="الدقائق-13-20-قرار-وتنفيذ">الدقائق 13-20: قرار وتنفيذ</h3>

<ul>
  <li>اختر قرارًا واحدًا فقط.</li>
  <li>حدده بالأرقام والزمن.</li>
  <li>ثبّت موعد القياس في الأسبوع القادم.</li>
</ul>

<h2 id="أمثلة-قرارات-أسبوعية-قوية">أمثلة قرارات أسبوعية قوية</h2>

<ul>
  <li>تقليل عدد الطلبات الخارجية من 5 إلى 3.</li>
  <li>وضع سقف 120 لبند المشتريات السريعة.</li>
  <li>تحويل مبلغ ثابت أول الأسبوع لبند الطوارئ.</li>
</ul>

<p>المهم أن يكون القرار قابلًا للقياس، وليس عبارة عامة مثل “سأحاول التقليل”.</p>

<h2 id="أخطاء-تضعف-المراجعة">أخطاء تضعف المراجعة</h2>

<ol>
  <li>الدخول للمراجعة بدون بيانات أسبوعية.</li>
  <li>اتخاذ عدة قرارات مرة واحدة.</li>
  <li>التركيز على اللوم بدل السبب.</li>
  <li>عدم متابعة أثر القرار في الأسبوع التالي.</li>
</ol>

<h2 id="نموذج-جدول-بسيط-للمراجعة">نموذج جدول بسيط للمراجعة</h2>

<table>
  <thead>
    <tr>
      <th>المؤشر</th>
      <th style="text-align: right">هذا الأسبوع</th>
      <th style="text-align: right">الأسبوع الماضي</th>
      <th>القرار</th>
    </tr>
  </thead>
  <tbody>
    <tr>
      <td>بند الطعام</td>
      <td style="text-align: right">420</td>
      <td style="text-align: right">350</td>
      <td>خفض الطلبات ليومين</td>
    </tr>
    <tr>
      <td>بند النقل</td>
      <td style="text-align: right">110</td>
      <td style="text-align: right">130</td>
      <td>تثبيت السقف</td>
    </tr>
    <tr>
      <td>بند المشتريات السريعة</td>
      <td style="text-align: right">190</td>
      <td style="text-align: right">120</td>
      <td>سقف يومي 20</td>
    </tr>
  </tbody>
</table>

<p>هذا النوع من الجداول يكفي لإنتاج قرارات عملية بسرعة.</p>

<h2 id="اربط-المراجعة-بالأدوات-المناسبة">اربط المراجعة بالأدوات المناسبة</h2>

<ul>
  <li><a href="/?route=reports">افتح التقارير</a></li>
  <li><a href="/?route=budgets">عدّل الميزانية</a></li>
  <li><a href="/where-does-my-salary-go-practical-analysis/">راجع أين يذهب الراتب</a></li>
</ul>

<h2 id="خلاصة-تنفيذية">خلاصة تنفيذية</h2>

<p>عادة المراجعة الأسبوعية هي صمام الأمان المالي. إذا ثبتت 20 دقيقة أسبوعيًا، ستقل المفاجآت وتتحسن جودة قرارك بشكل ملموس خلال شهر واحد.</p>

<ul>
  <li>التصنيف: <a href="/category/العادات-المالية/">العادات المالية</a></li>
  <li>جميع المواضيع: <a href="/topics/">مواضيع إدارة المصاريف والميزانية</a></li>
</ul>]]></content><author><name>فؤاد شاويش</name><email>fouad.shawish@gmail.com</email></author><category term="العادات المالية" /><category term="العادات المالية" /><category term="مراجعة أسبوعية" /><category term="إدارة الميزانية" /><summary type="html"><![CDATA[تعلم كيف تبني عادة مراجعة مالية أسبوعية في 20 دقيقة فقط، لتحويل الأرقام إلى قرارات تقلل المفاجآت وتحسن الاستقرار المالي.]]></summary><media:thumbnail xmlns:media="http://search.yahoo.com/mrss/" url="https://fouadshawish-png.github.io/assets/images/posts/weekly-budget-review-system-cover.jpg" /><media:content medium="image" url="https://fouadshawish-png.github.io/assets/images/posts/weekly-budget-review-system-cover.jpg" xmlns:media="http://search.yahoo.com/mrss/" /></entry></feed>